Title,Link,Price,Year,KM Driven,Fuel Type,Transmission,Location,AI Highlights,Price (detail page),KM Driven (detail page),EMI,Fuel Type (detail page),Transmission (detail page),Owner
MG Hector Sharp DCT,https://www.cardekho.com/used-car-details/used-Mg-hector-sharp-dct-cars-Kolkata_ffc47d5d-a9c8-4d6d-a6a4-d30ba3e0f437.htm?adId=29723&adType=41,8.65L,2019,"65,000 kms",Petrol,Automatic,"Ballygunge, Kolkata","AI Expert
GREAT PRICE
1st owner, 65k km — ownership is clean on this Hector.
Read the full verdict before you decide.
Read full report",₹8.65 Lakh,"65,000 km","EMI from ₹21,470/mo",Petrol,Automatic,1st Owner
Maruti Suzuki Alto K10 VXI,https://www.cardekho.com/used-car-details/used-Maruti-alto-k10-vxi-cars-Kolkata_d6c56954-9fcc-4c17-8093-f57f9307debc.htm,2.25L,2017,"35,471 kms",Petrol,Manual,"E.k.t, Kolkata","AI Expert
GREAT PRICE
3 owners, 35k km — papers are clean on this Alto K10.
Comprehensive insurance — valid till July 2027.
Read full report",₹2.25 Lakh,"35,471 km","EMI from ₹6,975/mo",Petrol,Manual,3rd Owner
Honda WR-V i-VTEC VX,https://www.cardekho.com/used-car-details/used-Honda-wr-v-i-vtec-vx-cars-Kolkata_81053a31-d2a9-4f1a-bf74-18d7477ab465.htm,5.91L,2022,"50,467 kms",Petrol,Manual,"Airport Po, Kolkata","AI Expert
GREAT PRICE
1st owner, 50k km — documents look clean on this WR-V.
Comprehensive insurance — valid till April 2027.
Read full report",₹5.91 Lakh,"50,467 km","EMI from ₹14,669/mo",Petrol,Manual,1st Owner
Maruti Suzuki Swift Dzire VXI,https://www.cardekho.com/used-car-details/used-Maruti-swift-dzire-vxi-cars-Kolkata_4a89c039-79c5-42f6-8af8-56dce0f687ad.htm,2.77L,2013,"45,046 kms",Petrol,Manual,"Airport Po, Kolkata","AI Expert
GREAT PRICE
1st owner, 45k km — ownership is clean on this Swift Dzire.
300-point inspection done. Warranty included.
Read full report",₹2.77 Lakh,"45,046 km",,Petrol,Manual,1st Owner
Hyundai Verna SX,https://www.cardekho.com/used-car-details/used-Hyundai-verna-sx-cars-Kolkata_a8631b74-b794-454c-8b15-22648e6db5e6.htm?adId=31023&adType=41,7.99L,2021,"22,000 kms",Petrol,Manual,"Bhowanipore, Kolkata","AI Expert
GREAT PRICE
1st owner, 22k km — history looks solid on this Verna.
Hyundai has a wide service network across India.
Read full report",₹7.99 Lakh,"22,000 km
Below avg","EMI from ₹19,835/mo",Petrol,Manual,1st Owner
Hyundai Creta SX (O) Turbo DCT,https://www.cardekho.com/used-car-details/used-Hyundai-creta-sx-o-turbo-dct-cars-Kolkata_2d089dcf-6d13-466c-af99-64f5197bf386.htm,10.76L,2020,"51,351 kms",Petrol,Automatic,"E.k.t, Kolkata","AI Expert
FAIR PRICE
1st owner, 51k km, insurance flagged — papers are clean on this Creta.
300-point inspection done. Warranty included.
Read full report",₹10.76 Lakh,"51,351 km","EMI from ₹26,707/mo",Petrol,Automatic,1st Owner
Skoda Slavia 1.0 TSI Style,https://www.cardekho.com/used-car-details/used-Skoda-slavia-10-tsi-style-cars-Kolkata_ab3d0383-5adf-4a95-b49c-d62434c5e5b7.htm,9.91L,2023,"18,677 kms",Petrol,Manual,"E.k.t, Kolkata","AI Expert
GREAT PRICE
1st owner, 19k km — papers are clean on this Slavia.
Only 19k km — lower than 88% of similar Slavias on CarDekho.
Read full report",₹9.91 Lakh,"18,677 km
Below avg","EMI from ₹24,597/mo",Petrol,Manual,1st Owner
Toyota Hyryder V AT,https://www.cardekho.com/used-car-details/used-Toyota-hyryder-v-at-cars-Kolkata_f1d0d71f-9d60-4cfe-b14f-c79eb804e7d5.htm,10.08L,2024,"26,999 kms",Petrol,Automatic,"University, Kolkata","AI Expert
BELOW MARKET
1st owner, 27k km — records look solid on this Hyryder.
Only 2 years old — near-new at used-car pricing.
Read full report",₹10.08 Lakh,"26,999 km
Below avg","EMI from ₹25,022/mo",Petrol,Automatic,1st Owner
Maruti Suzuki Ciaz Zeta BSVI,https://www.cardekho.com/used-car-details/used-Maruti-ciaz-zeta-bsvi-cars-Kolkata_ca0da6bb-88e3-4b11-9b63-394a7894dada.htm?adId=32864&adType=41,4L,2021,"70,000 kms",Petrol,Manual,"Regent Park, Kolkata","AI Expert
BELOW MARKET
1st owner, no accident, 70k km — papers are clean on this Ciaz.
₹1.1L below what similar Ciazs sell for.
Read full report",₹4 Lakh,"70,000 km","EMI from ₹9,929/mo",Petrol,Manual,1st Owner
Volkswagen Polo 1.2 MPI Comfortline,https://www.cardekho.com/used-car-details/used-Volkswagen-polo-12-mpi-comfortline-cars-Kolkata_72ec2f1d-68f4-4538-960d-db0567a65fc8.htm,2.50L,2014,"1,10,000 kms",Petrol,Manual,"Kalighat, Kolkata",,₹2.50 Lakh,"1,10,000 km",,Petrol,Manual,1st Owner
Mercedes-Benz A Class A180 CDI,https://www.cardekho.com/used-car-details/used-Mercedes-benz-a-class-a180-cdi-cars-Kolkata_02090b5d-84bd-4b43-be8b-5f670d1af189.htm,10L,2014,"40,000 kms",Diesel,Automatic,"Gobinda Khatick Road, Kolkata",,₹10 Lakh,"40,000 km",,Diesel,Automatic,2nd Owner
Toyota Fortuner 2.8 4WD AT BSIV,https://www.cardekho.com/used-car-details/used-Toyota-fortuner-28-4wd-at-bsiv-cars-Kolkata_7844cecd-3a1a-4233-9dc0-58be23482017.htm,22L,2017,"1,20,000 kms",Diesel,Automatic,"Jodhpur Park, Kolkata",,₹22 Lakh,"1,20,000 km","EMI from ₹68,154/mo",Diesel,Automatic,1st Owner
Maruti Suzuki Eeco 7 Seater STD (O),https://www.cardekho.com/used-car-details/used-Maruti-eeco-7-seater-std-o-cars-Kolkata_d57a6c0f-474d-406b-95cd-ae5484dd49d3.htm,4.50 Lakh,2022,"90,000 km",,,,,₹4.50 Lakh,"90,000 km","EMI from ₹11,170/mo",Petrol,Manual,1st Owner
Mercedes-Benz GL-Class 350 CDI Blue Efficiency,https://www.cardekho.com/used-car-details/used-Mercedes-benz-gl-class-350-cdi-blue-efficiency-cars-Kolkata_c8ac3194-07bb-4adb-ba2a-f564f25f2bee.htm,22 Lakh,2014,"1,03,000 km",,,,,₹22 Lakh,"1,03,000 km",,Diesel,Automatic,1st Owner
Maruti Suzuki Alto 800 LXI,https://www.cardekho.com/used-car-details/used-Maruti-alto-800-lxi-cars-Kolkata_474f95e2-375a-422a-9551-2ae6bfaf363b.htm,2.10 Lakh,2016,"35,925 km",,,,,₹2.10 Lakh,"35,925 km","EMI from ₹9,120/mo",Petrol,Manual,1st Owner
Maruti Suzuki Eeco 5 Seater AC BSIV,https://www.cardekho.com/used-car-details/used-Maruti-eeco-5-seater-ac-bsiv-cars-Kolkata_cc059816-2f4b-447a-963f-306d0db9d39e.htm,2.54 Lakh,2014,"10,000 km",,,,,₹2.54 Lakh,"10,000 km",,Petrol,Manual,1st Owner
Maruti Suzuki Wagon R AMT VXI,https://www.cardekho.com/used-car-details/used-Maruti-wagon-r-amt-vxi-cars-Kolkata_8e2415af-1b0f-4276-8fd1-930e3ce98fdd.htm,2.85 Lakh,2019,"40,000 km",,,,,₹2.85 Lakh,"40,000 km","EMI from ₹7,074/mo",Petrol,Automatic,3rd Owner
Maruti Suzuki Wagon R VXI BS IV,https://www.cardekho.com/used-car-details/used-Maruti-wagon-r-vxi-bs-iv-cars-Kolkata_04bedd44-466a-4ce9-a2a6-d8d1cd135771.htm,2.75L,2018,"52,000 kms",Petrol,Manual,"Garia Bt, Kolkata","AI Expert
BELOW MARKET
1st owner, 52k km — history looks solid on this Wagon R.
Maruti service is available in almost every city and town.
Read full report",₹2.75 Lakh,"52,000 km","EMI from ₹6,826/mo",Petrol,Manual,1st Owner
Maruti Suzuki Swift VXI,https://www.cardekho.com/used-car-details/used-Maruti-swift-vxi-cars-Kolkata_11bc42c7-0883-4903-8509-307aa2c629e8.htm,2.49L,2014,"58,107 kms",Petrol,Manual,"E.k.t, Kolkata","AI Expert
BELOW MARKET
2nd owner, 58k km — papers are clean on this Swift.
300-point inspection done. Warranty included.
Read full report",₹2.49 Lakh,"58,107 km",,Petrol,Manual,2nd Owner
Mahindra XUV300 W8 Opt Diesel,https://www.cardekho.com/used-car-details/used-Mahindra-xuv300-w8-opt-diesel-cars-Kolkata_938b6014-4611-4bff-8a9f-0761d9cc7366.htm,8.19L,2022,"56,445 kms",Diesel,Manual,"Airport Po, Kolkata","AI Expert
FAIR PRICE
1st owner, 56k km, insurance flagged — history looks solid on this XUV300.
Read full report",₹8.19 Lakh,"56,445 km","EMI from ₹20,318/mo",Diesel,Manual,1st Owner
Nissan Magnite Turbo XV BSVI,https://www.cardekho.com/used-car-details/used-Nissan-magnite-turbo-xv-bsvi-cars-Kolkata_a5fdbd4b-d911-40eb-837a-d349650b334b.htm?adId=32804&adType=41,4.99L,2022,"43,000 kms",Petrol,Manual,"J.b.s, Kolkata","AI Expert
BELOW MARKET
1st owner, 43k km — papers are clean on this Magnite.
Nissan Magnite offers a feature-rich cabin for its price segment.
Read full report",₹4.99 Lakh,"43,000 km
Below avg","EMI from ₹12,386/mo",Petrol,Manual,1st Owner
Volkswagen Ameo 1.0 MPI Trendline,https://www.cardekho.com/used-car-details/used-Volkswagen-ameo-10-mpi-trendline-cars-Kolkata_2c2611d9-3ef1-4c2f-84f7-6ac4d0c535e7.htm,3.25L,2018,"45,000 kms",Petrol,Manual,"Garia Bt, Kolkata","AI Expert
GREAT PRICE
1st owner, 45k km — documents are clean on this Ameo.
Simple to run, easy to park.
Read full report",₹3.25 Lakh,"45,000 km
Below avg","EMI from ₹8,067/mo",Petrol,Manual,1st Owner
Kia Syros HTX Plus Opt Turbo DCT,https://www.cardekho.com/used-car-details/used-Kia-syros-htx-plus-opt-turbo-dct-cars-Kolkata_9fc2ee61-0205-4108-94ea-c3d7b9b4c154.htm,13.65L,2025,"10,000 kms",Petrol,Automatic,"Kasba, Kolkata","AI Expert
GREAT PRICE
1st owner, 10k km, verified on this 2025 Kia Syros.
1 year old, only 10k km — near-new in every sense.
Read full report",₹13.65 Lakh,"10,000 km
Below avg","EMI from ₹33,880/mo",Petrol,Automatic,1st Owner
Maruti Suzuki Zen Estilo VXI BSIV,https://www.cardekho.com/used-car-details/used-Maruti-zen-estilo-vxi-bsiv-cars-Kolkata_159faacd-af54-4e4c-b698-9ad8e9f119c1.htm,1.56L,2012,"78,872 kms",Petrol,Manual,"Airport Po, Kolkata","AI Expert
GREAT PRICE
2nd owner, 79k km — papers are clean on this Zen Estilo.
300-point inspection done. Warranty included.
Read full report",₹1.56 Lakh,"78,872 km",,Petrol,Manual,2nd Owner
Mahindra XUV700 AX5 7 Str,https://www.cardekho.com/used-car-details/used-Mahindra-xuv700-ax5-7-str-cars-Kolkata_8a1814af-f437-45c4-8a09-b3962036908f.htm?adId=33049&adType=41,14.50L,2023,"13,000 kms",Petrol,Manual,"Salt Lake City, Kolkata","AI Expert
BELOW MARKET
1st owner, 13k km — records look solid on this XUV700.
Only 13k km — lower than 82% of similar XUV700s on CarDekho.
Read full report",₹14.50 Lakh,"13,000 km
Below avg","EMI from ₹35,990/mo",Petrol,Manual,1st Owner
Volkswagen Jetta 1.4 TSI Comfortline,https://www.cardekho.com/used-car-details/used-Volkswagen-jetta-14-tsi-comfortline-cars-Kolkata_13c6eb58-d3d5-4c39-a3eb-bdec36b2608d.htm,3.75L,2016,"65,000 kms",Petrol,Manual,"Kasba, Kolkata","AI Expert
GREAT PRICE
2nd owner, 65k km — history looks solid on this Jetta.
Registered in October — full year's depreciation benefit for less usage.
Read full report",₹3.75 Lakh,"65,000 km","EMI from ₹16,285/mo",Petrol,Manual,2nd Owner
Maruti Suzuki Vitara Brezza LDi,https://www.cardekho.com/used-car-details/used-Maruti-vitara-brezza-ldi-cars-Kolkata_879c996d-ff70-4d7a-a2ac-33bca9340ee4.htm,3.90L,2019,"1,09,270 kms",Diesel,Manual,"Airport Po, Kolkata","AI Expert
GREAT PRICE
2nd owner, 109k km on this Vitara Brezza — documents look solid.
Comprehensive insurance — valid till June 2027.
Read full report",₹3.90 Lakh,"1,09,270 km","EMI from ₹9,680/mo",Diesel,Manual,2nd Owner
Hyundai i20 Asta 1.2,https://www.cardekho.com/used-car-details/used-Hyundai-i20-asta-12-cars-Kolkata_71264d88-b86d-4307-9385-419ff15cd74c.htm,6.32L,2022,"24,748 kms",Petrol,Manual,"E.k.t, Kolkata","AI Expert
GREAT PRICE
2nd owner, 25k km — key checks pass on this i20.
300-point inspection done. Warranty included.
Read full report",₹6.32 Lakh,"24,748 km
Below avg","EMI from ₹15,687/mo",Petrol,Manual,2nd Owner
Hyundai i20 1.2 Magna Executive,https://www.cardekho.com/used-car-details/used-Hyundai-i20-12-magna-executive-cars-Kolkata_bef2fc87-cae3-4431-82b9-92a92360042d.htm?adId=32584&adType=41,3.75L,2018,"1,14,000 kms",Petrol,Manual,Kolkata,"AI Expert
FAIR PRICE
1st owner, no tampering, 114k km — records look solid on this i20.
Simple to run, easy to park.
Read full report",₹3.75 Lakh,"1,14,000 km","EMI from ₹9,308/mo",Petrol,Manual,1st Owner
Hyundai i10 Asta 1.2 AT with Sunroof,https://www.cardekho.com/used-car-details/used-Hyundai-i10-asta-12-at-with-sunroof-cars-Kolkata_c19568bf-e336-4d22-bad8-d90a79f436d6.htm,7.65L,2023,"19,206 kms",Petrol,Automatic,"University, Kolkata","AI Expert
GREAT PRICE
1st owner, 19k km — papers are clean on this i10.
300-point inspection done. Warranty included.
Read full report",₹7.65 Lakh,"19,206 km
Below avg","EMI from ₹18,984/mo",Petrol,Automatic,1st Owner
Maruti Suzuki Baleno Zeta BSVI,https://www.cardekho.com/used-car-details/used-Maruti-baleno-zeta-bsvi-cars-Kolkata_b2da4cfa-1ea1-4a20-aa28-a1c43e6c540b.htm,5.45L,2022,"43,000 kms",Petrol,Manual,"Rash Behari Avenue, Kolkata","AI Expert
GREAT PRICE
1st owner, 43k km — documents are clean on this Baleno.
Simple to run, easy to park.
Read full report",₹5.45 Lakh,"43,000 km","EMI from ₹13,527/mo",Petrol,Manual,1st Owner
Honda City i VTEC CVT VX,https://www.cardekho.com/used-car-details/used-Honda-city-i-vtec-cvt-vx-cars-Kolkata_21629441-1f58-488f-8bc3-f84d31f744cb.htm,3.50L,2014,"58,000 kms",Petrol,Automatic,"Alipore, Kolkata","AI Expert
BELOW MARKET
2nd owner, 58k km on this City — key checks pass.
Simple to run, easy to park.
Read full report",₹3.50 Lakh,"58,000 km",,Petrol,Automatic,2nd Owner
Kia Sonet HTK Plus,https://www.cardekho.com/used-car-details/used-Kia-sonet-htk-plus-cars-Kolkata_cd0561e5-9d63-4b6c-9f42-304370b2c1fb.htm?adId=32941&adType=41,7.25L,2023,"30,000 kms",Petrol,Manual,"Haltu, Kolkata","AI Expert
GREAT PRICE
1st owner, 30k km — history looks solid on this Sonet.
Simple to run, easy to park.
Read full report",₹7.25 Lakh,"30,000 km
Below avg","EMI from ₹17,995/mo",Petrol,Manual,1st Owner
Maruti Suzuki Alto 800 LXI,https://www.cardekho.com/used-car-details/used-Maruti-alto-800-lxi-cars-Kolkata_474f95e2-375a-422a-9551-2ae6bfaf363b.htm,2.10L,2016,"35,925 kms",Petrol,Manual,"Jairampur, Kolkata","AI Expert
GREAT PRICE
1st owner, 36k km — history looks clean on this Alto 800.
Maruti service is available in almost every city and town.
Read full report",₹2.10 Lakh,"35,925 km","EMI from ₹9,120/mo",Petrol,Manual,1st Owner
Mahindra Bolero Neo N4,https://www.cardekho.com/used-car-details/used-Mahindra-bolero-neo-n4-cars-Kolkata_0753ec62-8788-4eb0-b972-17cb0fe92de2.htm,9L,2024,"10,000 kms",Diesel,Manual,"Purba Sinthee, Kolkata","AI Expert
FAIR PRICE
1st owner, 10k km — records look solid on this Bolero Neo.
Only 2 years old — near-new condition at used-car pricing.
Read full report",₹9 Lakh,"10,000 km
Below avg","EMI from ₹22,339/mo",Diesel,Manual,1st Owner
Maruti Suzuki Brezza Zxi Plus AT DT BSVI,https://www.cardekho.com/used-car-details/used-Maruti-brezza-zxi-plus-at-dt-bsvi-cars-Kolkata_5946e413-f8ff-4409-879f-65c0574f0e45.htm,9.44L,2024,"47,475 kms",Petrol,Automatic,"University, Kolkata","AI Expert
GREAT PRICE
1st owner, 47k km — key checks pass on this Brezza.
Price dropped ₹64k — now at ₹9.4L.
Read full report",₹9.44 Lakh,"47,475 km","EMI from ₹23,441/mo",Petrol,Automatic,1st Owner
Nissan Magnite Turbo XV BSVI,https://www.cardekho.com/used-car-details/used-Nissan-magnite-turbo-xv-bsvi-cars-Kolkata_a5fdbd4b-d911-40eb-837a-d349650b334b.htm?adId=32804&adType=41,4.99L,2022,"43,000 kms",Petrol,Manual,"J.b.s, Kolkata","AI Expert
BELOW MARKET
1st owner, 43k km — papers are clean on this Magnite.
Nissan Magnite offers a feature-rich cabin for its price segment.
Read full report",₹4.99 Lakh,"43,000 km
Below avg","EMI from ₹12,386/mo",Petrol,Manual,1st Owner
Kia Carens Clavis HTX Plus Turbo,https://www.cardekho.com/used-car-details/used-Kia-carens-clavis-htx-plus-turbo-cars-Kolkata_0f3ca38d-f004-465c-89ce-979179f65a04.htm,16L,2025,"10,000 kms",Petrol,Manual,Kolkata,"AI Expert
GREAT PRICE
1st owner, no tampering, 10k km — clean papers on this Carens Clavis.
1 year old, only 10k km — near-new in every sense.
Read full report",₹16 Lakh,"10,000 km
Below avg","EMI from ₹39,713/mo",Petrol,Manual,1st Owner
Mahindra XUV700 AX7 7Str,https://www.cardekho.com/used-car-details/used-Mahindra-xuv700-ax7-7str-cars-Kolkata_9a457bce-12d5-4091-b96d-041ccadbde09.htm,16.97L,2023,"14,000 kms",Petrol,Manual,"Entally, Kolkata","AI Expert
BELOW MARKET
Test drive car — demo unit, history fully traceable.
Simple to run, easy to park.
Read full report",₹16.97 Lakh,"14,000 km
Below avg","EMI from ₹42,120/mo",Petrol,Manual,0th Owner
Hyundai Alcazar Signature 6Str DCT,https://www.cardekho.com/buy-used-car-details/used-Hyundai-alcazar-signature-6str-dct-cars-Kolkata_263f5d58-89f4-4a62-a602-004cb00c5302.htm,14.58L,2023,"37,994 kms",Petrol,Automatic,"E.K.T, Kolkata","AI Expert
GREAT PRICE
1st owner, no accident, 38k km — records look solid on this Alcazar.
300-point inspection done. Warranty included.
Read full report",₹14.58 Lakh,"37,994 km","EMI from ₹36,189/mo",Petrol,Automatic,1st Owner
Maruti Suzuki Celerio X ZXI,https://www.cardekho.com/used-car-details/used-Maruti-celerio-x-zxi-cars-Kolkata_9723019c-79f4-4d29-b49b-f93bc238a034.htm?adId=32162&adType=41,4.05L,2021,"50,000 kms",Petrol,Manual,"Baranagar, Kolkata","AI Expert
GREAT PRICE
1st owner, 50k km — key checks pass on this Celerio X.
Maruti service is available in almost every city and town.
Read full report",₹4.05 Lakh,"50,000 km","EMI from ₹10,053/mo",Petrol,Manual,1st Owner
Citroen C5 Aircross Feel DualTone,https://www.cardekho.com/used-car-details/used-Citroen-c5-aircross-feel-dualtone-cars-Kolkata_0e4e7558-b6b6-4ea7-a658-15ce62e30391.htm,12.55L,2021,"50,000 kms",Diesel,Automatic,"Ballygunge, Kolkata","AI Expert
GREAT PRICE
1st owner, 50k km — ownership is clean on this C5 Aircross.
Citroen service is easy to find.
Read full report",₹12.55 Lakh,"50,000 km","EMI from ₹31,150/mo",Diesel,Automatic,1st Owner
Mercedes-Benz M-Class ML 350 4Matic,https://www.cardekho.com/used-car-details/used-Mercedes-benz-m-class-ml-350-4matic-cars-Kolkata_ca08ee4c-1544-4e22-8208-d7b37761af24.htm,9L,2012,"1,00,000 kms",Diesel,Automatic,"Narendrapur, Kolkata","AI Expert
GREAT PRICE
3rd owner, 100k km — documents look clean on this M-Class.
Simple to run, easy to park.
Read full report",₹9 Lakh,"1,00,000 km",,Diesel,Automatic,3rd Owner
Hyundai Verna SX Opt,https://www.cardekho.com/used-car-details/used-Hyundai-verna-sx-opt-cars-Kolkata_2adc3fd4-f98e-4cb4-b7ec-f4e222ccbb03.htm,9.99L,2024,"45,000 kms",Petrol,Manual,"Bhowanipore, Kolkata","AI Expert
BELOW MARKET
1st owner, 45k km — history looks solid on this Verna.
Only 2 years old — near-new condition at used-car pricing.
Read full report",₹9.99 Lakh,"45,000 km","EMI from ₹24,799/mo",Petrol,Manual,1st Owner
Hyundai Verna SX Opt Turbo,https://www.cardekho.com/used-car-details/used-Hyundai-verna-sx-opt-turbo-cars-Kolkata_f4a04a3b-4bda-4bfa-a87e-25ded4fcaee1.htm?adId=32208&adType=41,12.50L,2023,"39,000 kms",Petrol,Manual,"Ghugudanga, Kolkata","AI Expert
GREAT PRICE
1st owner, no tampering, 39k km — key checks pass on this Verna.
Simple to run, easy to park.
Read full report",₹12.50 Lakh,"39,000 km","EMI from ₹31,026/mo",Petrol,Manual,1st Owner
Maruti Suzuki Celerio ZXI Plus AMT BSVI,https://www.cardekho.com/used-car-details/used-Maruti-celerio-zxi-plus-amt-bsvi-cars-Kolkata_d882e282-40c8-4f20-b6a2-49b679415bcd.htm,4.25L,2022,"49,000 kms",Petrol,Automatic,"Ballygunge, Kolkata","AI Expert
GREAT PRICE
1st owner, 49k km — records look solid on this Celerio.
Maruti service is available in almost every city and .
Read full report",₹4.25 Lakh,"49,000 km","EMI from ₹10,549/mo",Petrol,Automatic,1st Owner
Toyota Innova Crysta 2.4 G 7 STR,https://www.cardekho.com/used-car-details/used-Toyota-innova-crysta-24-g-7-str-cars-Kolkata_7c58d552-9391-42be-bc7c-263bb39bc976.htm,15L,2020,"60,000 kms",Diesel,Manual,Kolkata,"AI Expert
GREAT PRICE
2nd owner, 60k km — key checks pass on this Innova Crysta.
Toyota holds value better than most cars in India — .
Read full report",₹15 Lakh,"60,000 km","EMI from ₹37,231/mo",Diesel,Manual,2nd Owner
Maruti Suzuki Alto 800 LXI,https://www.cardekho.com/used-car-details/used-Maruti-alto-800-lxi-cars-Kolkata_fe17cf57-7366-4d3e-8033-b47761da9fb1.htm,2.51L,2019,"3,000 kms",Petrol,Manual,"Baranagar, Kolkata","AI Expert
BELOW MARKET
1st owner, 3k km — history is traceable on this Alto 800.
Simple to run, easy to park.
Read full report",₹2.51 Lakh,"3,000 km
Below avg","EMI from ₹6,230/mo",Petrol,Manual,1st Owner
Mahindra XUV700 AX5 7 Str BSVI,https://www.cardekho.com/used-car-details/used-Mahindra-xuv700-ax5-7-str-bsvi-cars-Kolkata_43744a0b-5775-4ceb-9174-9d68044130b0.htm?adId=32586&adType=41,11.90L,2022,"32,355 kms",Petrol,Manual,"Salt Lake City, Kolkata","AI Expert
BELOW MARKET
1st owner, 32k km — documents are clean on this XUV700.
₹1.2L below what similar XUV700s sell for.
Read full report",₹11.90 Lakh,"32,355 km
Below avg","EMI from ₹29,536/mo",Petrol,Manual,1st Owner
Hyundai Tucson Signature AT,https://www.cardekho.com/buy-used-car-details/used-Hyundai-tucson-signature-at-cars-Kolkata_66a91fb8-62f3-464b-b25e-3e73ff896714.htm,18.91L,2023,"24,825 kms",Petrol,Automatic,"Airport Po, Kolkata","AI Expert
GREAT PRICE
2nd owner, 25k km — papers look clean on this Tucson.
Only 25k km — lower than 90% of similar Tucsons on CarDekho.
Read full report",₹18.91 Lakh,"24,825 km
Below avg","EMI from ₹46,925/mo",Petrol,Automatic,2nd Owner
Honda City V MT,https://www.cardekho.com/used-car-details/used-Honda-city-v-mt-cars-Kolkata_b4b33655-9644-4630-b36e-de4d30cba79c.htm,6.99L,2022,"50,000 kms",Petrol,Manual,"Kasba, Kolkata","AI Expert
GREAT PRICE
1st owner, 50k km — papers are clean on this City.
Price dropped ₹50k — now at ₹7L.
Read full report",₹6.99 Lakh,"50,000 km","EMI from ₹17,350/mo",Petrol,Manual,1st Owner
Hyundai Grand i10 1.2 Kappa Sportz Option AT,https://www.cardekho.com/used-car-details/used-Hyundai-grand-i10-12-kappa-sportz-option-at-cars-Kolkata_03e4397c-2eea-41ad-b53b-5314d5026261.htm,3.65L,2017,"34,000 kms",Petrol,Automatic,"Kalighat, Kolkata","AI Expert
GREAT PRICE
1st owner, 34k km — documents are clean on this Grand i10.
Comprehensive insurance — valid till March 2027.
Read full report",₹3.65 Lakh,"34,000 km
Below avg","EMI from ₹11,308/mo",Petrol,Automatic,1st Owner
Maruti Suzuki Swift Dzire LDI,https://www.cardekho.com/used-car-details/used-Maruti-swift-dzire-ldi-cars-Kolkata_5763c306-4ef7-4376-8122-d2b3e60e1d84.htm?adId=32988&adType=41,3.25L,2014,"59,000 kms",Diesel,Manual,"Garia Bt, Kolkata","AI Expert
GREAT PRICE
1st owner, 59k km — history looks solid on this Swift Dzire.
Maruti service is available in almost every city and town.
Read full report",₹3.25 Lakh,"59,000 km",,Diesel,Manual,1st Owner
Hyundai i20 1.2 Magna Executive,https://www.cardekho.com/used-car-details/used-Hyundai-i20-12-magna-executive-cars-Kolkata_dd321660-6cb1-4e96-aa0f-bd65389c7d32.htm,4.15L,2018,"20,422 kms",Petrol,Manual,"Airport Po, Kolkata","AI Expert
GREAT PRICE
1st owner, 20k km — ownership and odometer look clean on this i20.
Only 20k km — lower than 88% of similar i20s on CarDekho.
Read full report",₹4.15 Lakh,"20,422 km
Below avg","EMI from ₹10,290/mo",Petrol,Manual,1st Owner
Mahindra KUV 100 NXT G80 K2 Plus 6 Str,https://www.cardekho.com/buy-used-car-details/used-Mahindra-kuv-100-nxt-g80-k2-plus-6-str-cars-Kolkata_331fb149-14f5-49d7-9cbb-8970adf49819.htm,2.57L,2018,"57,106 kms",Petrol,Manual,"E.K.T, Kolkata","AI Expert
BELOW MARKET
2nd owner, 57k km — key checks pass on this KUV 100 NXT.
300-point inspection done. Warranty included.
Read full report",₹2.57 Lakh,"57,106 km","EMI from ₹6,379/mo",Petrol,Manual,2nd Owner
Tata Altroz XZ,https://www.cardekho.com/used-car-details/used-Tata-altroz-xz-cars-Kolkata_045adccb-ee21-420d-8a3f-49c48a2ebd44.htm,5.47L,2022,"83,534 kms",Petrol,Manual,"Airport Po, Kolkata","AI Expert
GREAT PRICE
1st owner, 84k km — records look solid on this Altroz.
300-point inspection done. Warranty included.
Read full report",₹5.47 Lakh,"83,534 km","EMI from ₹13,577/mo",Petrol,Manual,1st Owner
Maruti Suzuki Wagon R VXI BS IV,https://www.cardekho.com/used-car-details/used-Maruti-wagon-r-vxi-bs-iv-cars-Kolkata_0a373650-2ef0-48be-b34b-aa858b12b0f2.htm?adId=33057&adType=41,1.95L,2014,"50,000 kms",Petrol,Manual,"Garia Bt, Kolkata","AI Expert
GREAT PRICE
2nd owner, 50k km on this Wagon R — records look solid.
Simple to run, easy to park.
Read full report",₹1.95 Lakh,"50,000 km",,Petrol,Manual,2nd Owner
Maruti Suzuki Alto K10 2010-2014 VXI,https://www.cardekho.com/used-car-details/used-Maruti-alto-k10-2010-2014-vxi-cars-Kolkata_64d55eb4-8aea-458f-a8b7-45a99a0a98b8.htm,1.85L,2013,"41,814 kms",Petrol,Manual,"Beleghata, Kolkata","AI Expert
GREAT PRICE
1st owner, 42k km — history is traceable on this Alto K10.
Maruti service is available in almost every city and town.
Read full report",₹1.85 Lakh,"41,814 km
Below avg",,Petrol,Manual,1st Owner
Tata Curvv Accomplished Plus A Hyperion,https://www.cardekho.com/used-car-details/used-Tata-curvv-accomplished-plus-a-hyperion-cars-Kolkata_c1113c36-a11c-4c87-9730-381c5db0b7a4.htm,13.75L,2024,"5,600 kms",Petrol,Manual,"Ballygunge, Kolkata","AI Expert
GREAT PRICE
1st owner, 6k km — history looks solid on this Curvv.
2 year old, only 6k km — near-new in every sense.
Read full report",₹13.75 Lakh,"5,600 km
Below avg","EMI from ₹34,128/mo",Petrol,Manual,1st Owner
Maruti Suzuki Wagon R VXI BS IV,https://www.cardekho.com/used-car-details/used-Maruti-wagon-r-vxi-bs-iv-cars-Kolkata_10fd1f05-b63e-4a53-b56d-fd467268ed8c.htm,2.45L,2015,"45,233 kms",Petrol,Manual,"Kalighat, Kolkata","AI Expert
GREAT PRICE
1st owner, 45k km — history looks clear on this Wagon R.
Comprehensive insurance — valid till April 2027.
Read full report",₹2.45 Lakh,"45,233 km","EMI from ₹19,850/mo",Petrol,Manual,1st Owner
Hyundai Santro Sportz BSIV,https://www.cardekho.com/used-car-details/used-Hyundai-santro-sportz-bsiv-cars-Kolkata_47c01548-ce12-44dd-a1b0-2203fe9ad666.htm?adId=32944&adType=41,3.05L,2019,"30,000 kms",Petrol,Manual,"Sector III, Bidhannagar, Kolkata","AI Expert
GREAT PRICE
2nd owner, no accident, 30k km — records look solid on this Santro.
Simple to run, easy to park.
Read full report",₹3.05 Lakh,"30,000 km","EMI from ₹7,571/mo",Petrol,Manual,2nd Owner
Maruti Suzuki Alto 800 LXI,https://www.cardekho.com/used-car-details/used-Maruti-alto-800-lxi-cars-Kolkata_c1446947-02fa-4c68-8e54-96e07884fe04.htm,1.50L,2012,"30,000 kms",Petrol,Manual,Kolkata,"AI Expert
GREAT PRICE
1st owner, 30k km — history is clear on this Alto K10.
Only 30k km — lower than 80% of similar Alto K10s on CarDekho.
Read full report",₹1.50 Lakh,"30,000 km
Below avg",,Petrol,Manual,1st Owner
Ford Ecosport 1.5 Diesel Ambiente BSIV,https://www.cardekho.com/used-car-details/used-Ford-ecosport-15-diesel-ambiente-bsiv-cars-Kolkata_2730b912-c6b1-49ef-9075-9f4458f91f52.htm,3.40L,2017,"47,527 kms",Diesel,Manual,"Kalighat, Kolkata","AI Expert
GREAT PRICE
1st owner, 48k km — ownership is clean on this Ecosport.
Ford exited India in 2021 — verify parts availability first.
Read full report",₹3.40 Lakh,"47,527 km","EMI from ₹10,533/mo",Diesel,Manual,1st Owner
Honda City VX MT,https://www.cardekho.com/buy-used-car-details/used-Honda-city-vx-mt-cars-Kolkata_8940feed-fff3-41f4-9280-5ed0f01d537f.htm,7.76L,2022,"28,431 kms",Petrol,Manual,"Airport Po, Kolkata","AI Expert
GREAT PRICE
1st owner, no accident, 28k km — history looks solid on this City.
300-point inspection done. Warranty included.
Read full report",₹7.76 Lakh,"28,431 km
Below avg","EMI from ₹19,250/mo",Petrol,Manual,1st Owner
Jeep Meridian Limited Opt AT 4x4 BSVI,https://www.cardekho.com/used-car-details/used-Jeep-meridian-limited-opt-at-4x4-bsvi-cars-Kolkata_ef942e41-6366-428e-96e3-421d1385abd4.htm?adId=33119&adType=41,28L,2023,"50,000 kms",Diesel,Automatic,"Elliot Road, Kolkata","AI Expert
FAIR PRICE
2nd owner, 50k km — papers are clean on this Meridian.
Read the full verdict before you decide.
Read full report",₹28 Lakh,"50,000 km","EMI from ₹69,497/mo",Diesel,Automatic,2nd Owner
Maruti Suzuki Swift VXI,https://www.cardekho.com/used-car-details/used-Maruti-swift-vxi-cars-Kolkata_80567d4d-603e-495e-acee-77812b176c04.htm,2.15L,2012,"55,000 kms",Petrol,Manual,"Kalighat, Kolkata","AI Expert
BELOW MARKET
1st owner, 55k km — key checks pass on this Swift.
Simple to run, easy to park.
Read full report",₹2.15 Lakh,"55,000 km",,Petrol,Manual,1st Owner
Jeep Compass 2.0 Limited Opt Diesel BSVI,https://www.cardekho.com/used-car-details/used-Jeep-compass-20-limited-opt-diesel-bsvi-cars-Kolkata_adec372b-7af0-45e3-ac59-1ed2dd8e4c3c.htm,10.50L,2021,"1,15,000 kms",Diesel,Manual,Kolkata,"AI Expert
GREAT PRICE
2nd owner, 115k km, no accident — key checks pass on this Compass.
Jeep Compass brings genuine off-road capability to the SUV space.
Read full report",₹10.50 Lakh,"1,15,000 km","EMI from ₹26,062/mo",Diesel,Manual,2nd Owner
Hyundai Alcazar Platinum 7-Seater Diesel BSVI,https://www.cardekho.com/used-car-details/used-Hyundai-alcazar-platinum-7-seater-diesel-bsvi-cars-Kolkata_6555b506-77df-4823-a23a-0716d06726ab.htm,12L,2021,"70,000 kms",Diesel,Manual,"Ballygunge, Kolkata","AI Expert
GREAT PRICE
2nd owner, 70k km — key checks pass on this Alcazar.
Hyundai has a wide service network across India.
Read full report",₹12 Lakh,"70,000 km","EMI from ₹29,785/mo",Diesel,Manual,2nd Owner
MG Hector Sharp DCT,https://www.cardekho.com/used-car-details/used-Mg-hector-sharp-dct-cars-Kolkata_ffc47d5d-a9c8-4d6d-a6a4-d30ba3e0f437.htm?adId=29723&adType=41,8.65L,2019,"65,000 kms",Petrol,Automatic,"Ballygunge, Kolkata","AI Expert
GREAT PRICE
1st owner, 65k km — ownership is clean on this Hector.
Read the full verdict before you decide.
Read full report",₹8.65 Lakh,"65,000 km","EMI from ₹21,470/mo",Petrol,Automatic,1st Owner
Maruti Suzuki Vitara Brezza LDi,https://www.cardekho.com/used-car-details/used-Maruti-vitara-brezza-ldi-cars-Kolkata_879c996d-ff70-4d7a-a2ac-33bca9340ee4.htm,3.90L,2019,"1,09,270 kms",Diesel,Manual,"Airport Po, Kolkata","AI Expert
GREAT PRICE
2nd owner, 109k km on this Vitara Brezza — documents look solid.
Comprehensive insurance — valid till June 2027.
Read full report",₹3.90 Lakh,"1,09,270 km","EMI from ₹9,680/mo",Diesel,Manual,2nd Owner
Volkswagen Jetta 1.4 TSI Comfortline,https://www.cardekho.com/used-car-details/used-Volkswagen-jetta-14-tsi-comfortline-cars-Kolkata_13c6eb58-d3d5-4c39-a3eb-bdec36b2608d.htm,3.75L,2016,"65,000 kms",Petrol,Manual,"Kasba, Kolkata","AI Expert
GREAT PRICE
2nd owner, 65k km — history looks solid on this Jetta.
Registered in October — full year's depreciation benefit for less usage.
Read full report",₹3.75 Lakh,"65,000 km","EMI from ₹16,285/mo",Petrol,Manual,2nd Owner
Maruti Suzuki Wagon R VXI,https://www.cardekho.com/used-car-details/used-Maruti-wagon-r-vxi-cars-Kolkata_f0b8ebb8-8776-4198-b0e8-f8759b9e1eea.htm,2.79L,2015,"44,094 kms",Petrol,Manual,"Airport Po, Kolkata","AI Expert
GREAT PRICE
1st owner, 44k km — documents are clear on this Wagon R.
Comprehensive insurance — valid till March 2027.
Read full report",₹2.79 Lakh,"44,094 km","EMI from ₹22,605/mo",Petrol,Manual,1st Owner
Maruti Suzuki Alto 800 LXI,https://www.cardekho.com/used-car-details/used-Maruti-alto-800-lxi-cars-Kolkata_20c09643-b9e6-4261-b96d-f55d96cb5bc4.htm?adId=32987&adType=41,2.25L,2018,"44,000 kms",Petrol,Manual,"Garia Bt, Kolkata","AI Expert
GREAT PRICE
1st owner, 44k km — history looks solid on this Alto 800.
Simple to run, easy to park.
Read full report",₹2.25 Lakh,"44,000 km","EMI from ₹5,585/mo",Petrol,Manual,1st Owner
Kia Syros HTX Plus Opt Turbo DCT,https://www.cardekho.com/used-car-details/used-Kia-syros-htx-plus-opt-turbo-dct-cars-Kolkata_9fc2ee61-0205-4108-94ea-c3d7b9b4c154.htm,13.65L,2025,"10,000 kms",Petrol,Automatic,"Kasba, Kolkata","AI Expert
GREAT PRICE
1st owner, 10k km, verified on this 2025 Kia Syros.
1 year old, only 10k km — near-new in every sense.
Read full report",₹13.65 Lakh,"10,000 km
Below avg","EMI from ₹33,880/mo",Petrol,Automatic,1st Owner
Maruti Suzuki Swift VVT VXI,https://www.cardekho.com/used-car-details/used-Maruti-swift-vvt-vxi-cars-Kolkata_950c0d2e-186b-414b-9446-132277b4f93b.htm,2.49L,2014,"45,000 kms",Petrol,Manual,"Bhowanipore, Kolkata","AI Expert
BELOW MARKET
1st owner, 45k km — history is traceable on this Swift.
Maruti service is available in almost every city and town.
Read full report",₹2.49 Lakh,"45,000 km",,Petrol,Manual,1st Owner
Maruti Suzuki Baleno Alpha Diesel,https://www.cardekho.com/used-car-details/used-Maruti-baleno-alpha-diesel-cars-Kolkata_66aac7a6-4d69-463b-8503-f2878c30e3f6.htm,5.67L,2020,"58,720 kms",Diesel,Manual,"E.K.T, Kolkata","AI Expert
GREAT PRICE
1st owner, 59k km — records look solid on this Baleno.
Comprehensive insurance — valid till February 2027.
Read full report",₹5.67 Lakh,"58,720 km","EMI from ₹14,074/mo",Diesel,Manual,1st Owner
Volkswagen Polo Diesel Comfortline 1.2L,https://www.cardekho.com/used-car-details/used-Volkswagen-polo-diesel-comfortline-12l-cars-Kolkata_113d3c37-7fbe-45da-ba12-3e3e3d3b297c.htm?adId=33060&adType=41,2.25L,2014,"53,000 kms",Diesel,Manual,"Garia Bt, Kolkata","AI Expert
BELOW MARKET
1st owner, 53k km — history looks traceable on this Polo.
Simple to run, easy to park.
Read full report",₹2.25 Lakh,"53,000 km",,Diesel,Manual,1st Owner
Mercedes-Benz A Class A180 CDI,https://www.cardekho.com/used-car-details/used-Mercedes-benz-a-class-a180-cdi-cars-Kolkata_02090b5d-84bd-4b43-be8b-5f670d1af189.htm,10L,2014,"40,000 kms",Diesel,Automatic,"Gobinda Khatick Road, Kolkata",,₹10 Lakh,"40,000 km",,Diesel,Automatic,2nd Owner
Volkswagen Polo 1.2 MPI Comfortline,https://www.cardekho.com/used-car-details/used-Volkswagen-polo-12-mpi-comfortline-cars-Kolkata_72ec2f1d-68f4-4538-960d-db0567a65fc8.htm,2.50L,2014,"1,10,000 kms",Petrol,Manual,"Kalighat, Kolkata",,₹2.50 Lakh,"1,10,000 km",,Petrol,Manual,1st Owner
Toyota Fortuner 2.8 4WD AT BSIV,https://www.cardekho.com/used-car-details/used-Toyota-fortuner-28-4wd-at-bsiv-cars-Kolkata_7844cecd-3a1a-4233-9dc0-58be23482017.htm,22L,2017,"1,20,000 kms",Diesel,Automatic,"Jodhpur Park, Kolkata",,₹22 Lakh,"1,20,000 km","EMI from ₹68,154/mo",Diesel,Automatic,1st Owner
Maruti Suzuki Eeco 5 Seater AC BSIV,https://www.cardekho.com/used-car-details/used-Maruti-eeco-5-seater-ac-bsiv-cars-Kolkata_cc059816-2f4b-447a-963f-306d0db9d39e.htm,2.54 Lakh,2014,"10,000 km",,,,,₹2.54 Lakh,"10,000 km",,Petrol,Manual,1st Owner
Maruti Suzuki Alto 800 LXI,https://www.cardekho.com/used-car-details/used-Maruti-alto-800-lxi-cars-Kolkata_474f95e2-375a-422a-9551-2ae6bfaf363b.htm,2.10 Lakh,2016,"35,925 km",,,,,₹2.10 Lakh,"35,925 km","EMI from ₹9,120/mo",Petrol,Manual,1st Owner
Maruti Suzuki Eeco 7 Seater STD (O),https://www.cardekho.com/used-car-details/used-Maruti-eeco-7-seater-std-o-cars-Kolkata_d57a6c0f-474d-406b-95cd-ae5484dd49d3.htm,4.50 Lakh,2022,"90,000 km",,,,,₹4.50 Lakh,"90,000 km","EMI from ₹11,170/mo",Petrol,Manual,1st Owner
Mercedes-Benz GL-Class 350 CDI Blue Efficiency,https://www.cardekho.com/used-car-details/used-Mercedes-benz-gl-class-350-cdi-blue-efficiency-cars-Kolkata_c8ac3194-07bb-4adb-ba2a-f564f25f2bee.htm,22 Lakh,2014,"1,03,000 km",,,,,₹22 Lakh,"1,03,000 km",,Diesel,Automatic,1st Owner
Maruti Suzuki Wagon R AMT VXI,https://www.cardekho.com/used-car-details/used-Maruti-wagon-r-amt-vxi-cars-Kolkata_8e2415af-1b0f-4276-8fd1-930e3ce98fdd.htm,2.85 Lakh,2019,"40,000 km",,,,,₹2.85 Lakh,"40,000 km","EMI from ₹7,074/mo",Petrol,Automatic,3rd Owner
Tata Nexon EV Fearless LR,https://www.cardekho.com/used-car-details/used-Tata-nexon-ev-fearless-lr-cars-Kolkata_55eb1b9a-1e67-421a-ac15-5689d8e0dd48.htm,9.85L,2023,"25,000 kms",Electric,Automatic,"Ghose Bagan, Kolkata","AI Expert
GREAT PRICE
1st owner, 25k km — ownership is clean on this Nexon EV.
Tata EVs have near-zero running costs for daily city use.
Read full report",₹9.85 Lakh,"25,000 km
Below avg","EMI from ₹24,448/mo",Electric,Automatic,1st Owner
Hyundai Venue SX BSVI,https://www.cardekho.com/used-car-details/used-Hyundai-venue-sx-bsvi-cars-Kolkata_fb9ab38e-1a3a-45e5-a4dd-507679c2d723.htm,7.75L,2023,"7,000 kms",Petrol,Manual,"Bhowanipore, Kolkata","AI Expert
BELOW MARKET
1st owner, 7k km — records look solid on this Venue.
Only 7k km — lower than 96% of similar Venues on CarDekho.
Read full report",₹7.75 Lakh,"7,000 km
Below avg","EMI from ₹19,239/mo",Petrol,Manual,1st Owner
Maruti Suzuki Wagon R VXI 1.2,https://www.cardekho.com/used-car-details/used-Maruti-wagon-r-vxi-12-cars-Kolkata_d8c70599-5ad0-4225-b38a-e7f514e40768.htm,2.53L,2016,"72,165 kms",Petrol,Manual,"Airport Po, Kolkata","AI Expert
BELOW MARKET
2nd owner, 72k km — key checks pass on this Wagon R.
Comprehensive insurance — valid till May 2027.
Read full report",₹2.53 Lakh,"72,165 km","EMI from ₹10,987/mo",Petrol,Manual,2nd Owner
Kia Sonet HTK Plus,https://www.cardekho.com/used-car-details/used-Kia-sonet-htk-plus-cars-Kolkata_cd0561e5-9d63-4b6c-9f42-304370b2c1fb.htm?adId=32941&adType=41,7.25L,2023,"30,000 kms",Petrol,Manual,"Haltu, Kolkata","AI Expert
GREAT PRICE
1st owner, 30k km — history looks solid on this Sonet.
Simple to run, easy to park.
Read full report",₹7.25 Lakh,"30,000 km
Below avg","EMI from ₹17,995/mo",Petrol,Manual,1st Owner
Honda New Accord 2.4 M/T,https://www.cardekho.com/used-car-details/used-Honda-new-accord-24-mt-cars-Kolkata_01b44c97-8977-4d18-a6e3-e9158af917b1.htm,2.97L,2012,"49,000 kms",Petrol,Manual,"Sarat Bose Road, Kolkata","AI Expert
GREAT PRICE
1st owner, 49k km — records look solid on this New Accord.
Honda engines are known to last well over high km.
Read full report",₹2.97 Lakh,"49,000 km
Below avg",,Petrol,Manual,1st Owner
Hyundai Creta S BSVI,https://www.cardekho.com/used-car-details/used-Hyundai-creta-s-bsvi-cars-Kolkata_cf33e09f-5b0d-4717-9008-62a9f72d5a8b.htm,7.50L,2021,"50,000 kms",Petrol,Manual,"Kasba, Kolkata","AI Expert
BELOW MARKET
1st owner, 50k km — papers are clean on this Creta.
Hyundai has a wide service network across India.
Read full report",₹7.50 Lakh,"50,000 km","EMI from ₹18,616/mo",Petrol,Manual,1st Owner
Hyundai Verna VTVT 1.6 SX,https://www.cardekho.com/used-car-details/used-Hyundai-verna-vtvt-16-sx-cars-Kolkata_8c0bb3d6-85c2-4bfa-ace5-beaf34de51fb.htm,5.35L,2019,"55,000 kms",Petrol,Manual,"Rash Behari Avenue, Kolkata","AI Expert
BELOW MARKET
1st owner, 55k km — papers are clean on this Verna.
Hyundai has a wide service network across India.
Read full report",₹5.35 Lakh,"55,000 km","EMI from ₹13,279/mo",Petrol,Manual,1st Owner
Hyundai Verna SX,https://www.cardekho.com/used-car-details/used-Hyundai-verna-sx-cars-Kolkata_a8631b74-b794-454c-8b15-22648e6db5e6.htm?adId=31023&adType=41,7.99L,2021,"22,000 kms",Petrol,Manual,"Bhowanipore, Kolkata","AI Expert
GREAT PRICE
1st owner, 22k km — history looks solid on this Verna.
Hyundai has a wide service network across India.
Read full report",₹7.99 Lakh,"22,000 km
Below avg","EMI from ₹19,835/mo",Petrol,Manual,1st Owner
Hyundai Grand i10 Nios Asta,https://www.cardekho.com/used-car-details/used-Hyundai-grand-i10-nios-asta-cars-Kolkata_737c4b8b-d8d2-4f28-bf86-60d1009c822d.htm,5.99L,2024,"16,000 kms",Petrol,Manual,"Ballygunge, Kolkata","AI Expert
BELOW MARKET
1st owner, 16k km — history looks solid on this Grand i10 Nios.
2 year old, only 16k km — near-new in every sense.
Read full report",₹5.99 Lakh,"16,000 km
Below avg","EMI from ₹14,868/mo",Petrol,Manual,1st Owner
Mahindra TUV 300 T8,https://www.cardekho.com/used-car-details/used-Mahindra-tuv-300-t8-cars-Kolkata_ab1db2dd-b332-41c1-b067-86357c67bb31.htm,4.75L,2016,"54,000 kms",Diesel,Manual,"Garia Bt, Kolkata","AI Expert
GREAT PRICE
2nd owner, 54k km on this TUV 300 — documents are clean.
Mahindra SUVs are built for Indian roads — rugged and reliable.
Read full report",₹4.75 Lakh,"54,000 km","EMI from ₹20,627/mo",Diesel,Manual,2nd Owner
Hyundai Creta S Plus Knight,https://www.cardekho.com/used-car-details/used-Hyundai-creta-s-plus-knight-cars-Kolkata_e098b4f2-2c7f-4a4a-9db9-7f3cebabd76d.htm,10.49L,2023,"12,000 kms",Petrol,Manual,"J.b.s, Kolkata","AI Expert
GREAT PRICE
2nd owner, 12k km — papers are clean on this Creta.
Price dropped ₹50k — now at ₹10.5L.
Read full report",₹10.49 Lakh,"12,000 km
Below avg","EMI from ₹26,037/mo",Petrol,Manual,2nd Owner
Volkswagen Polo Diesel Comfortline 1.2L,https://www.cardekho.com/used-car-details/used-Volkswagen-polo-diesel-comfortline-12l-cars-Kolkata_113d3c37-7fbe-45da-ba12-3e3e3d3b297c.htm?adId=33060&adType=41,2.25L,2014,"53,000 kms",Diesel,Manual,"Garia Bt, Kolkata","AI Expert
BELOW MARKET
1st owner, 53k km — history looks traceable on this Polo.
Simple to run, easy to park.
Read full report",₹2.25 Lakh,"53,000 km",,Diesel,Manual,1st Owner
Maruti Suzuki Wagon R VXI,https://www.cardekho.com/used-car-details/used-Maruti-wagon-r-vxi-cars-Kolkata_598499c5-e685-4d2b-ace8-4411fc4ea482.htm,3.09L,2018,"42,603 kms",Petrol,Manual,"E.K.T, Kolkata","AI Expert
GREAT PRICE
1st owner, 43k km — papers are clean on this Wagon R.
300-point inspection done. Warranty included.
Read full report",₹3.09 Lakh,"42,603 km","EMI from ₹7,673/mo",Petrol,Manual,1st Owner
Jeep Meridian Limited Opt AT BSVI,https://www.cardekho.com/used-car-details/used-Jeep-meridian-limited-opt-at-bsvi-cars-Kolkata_7705818a-2df4-4416-9ce9-fa163c46ee7f.htm,20L,2022,"35,000 kms",Diesel,Automatic,"Salt Lake City, Kolkata","AI Expert
BELOW MARKET
1st owner, 35k km, no accident on this Meridian — papers are clean.
₹1.5L below what similar Meridians sell for.
Read full report",₹20 Lakh,"35,000 km
Below avg","EMI from ₹49,641/mo",Diesel,Automatic,1st Owner
Hyundai Venue SX Opt Turbo iMT BSVI,https://www.cardekho.com/used-car-details/used-Hyundai-venue-sx-opt-turbo-imt-bsvi-cars-Kolkata_51f8f814-b24d-4d0d-890d-a182433ebc25.htm,8.25L,2023,"29,000 kms",Petrol,Manual,"Kasba, Kolkata","AI Expert
GREAT PRICE
1st owner, 29k km — history looks solid on this Venue.
Hyundai has a wide service network across India.
Read full report",₹8.25 Lakh,"29,000 km
Below avg","EMI from ₹20,477/mo",Petrol,Manual,1st Owner
Maruti Suzuki Ciaz Zeta BSVI,https://www.cardekho.com/used-car-details/used-Maruti-ciaz-zeta-bsvi-cars-Kolkata_ca0da6bb-88e3-4b11-9b63-394a7894dada.htm?adId=32864&adType=41,4L,2021,"70,000 kms",Petrol,Manual,"Regent Park, Kolkata","AI Expert
BELOW MARKET
1st owner, no accident, 70k km — papers are clean on this Ciaz.
₹1.1L below what similar Ciazs sell for.
Read full report",₹4 Lakh,"70,000 km","EMI from ₹9,929/mo",Petrol,Manual,1st Owner
Maruti Suzuki Swift VXI,https://www.cardekho.com/used-car-details/used-Maruti-swift-vxi-cars-Kolkata_11bc42c7-0883-4903-8509-307aa2c629e8.htm,2.49L,2014,"58,107 kms",Petrol,Manual,"E.K.T, Kolkata","AI Expert
BELOW MARKET
2nd owner, 58k km — papers are clean on this Swift.
300-point inspection done. Warranty included.
Read full report",₹2.49 Lakh,"58,107 km",,Petrol,Manual,2nd Owner
Hyundai Venue SX BSVI,https://www.cardekho.com/used-car-details/used-Hyundai-venue-sx-bsvi-cars-Kolkata_ec70fc42-726f-42c5-9671-07a74c5f08e8.htm,7.25L,2022,"45,000 kms",Petrol,Manual,"Ballygunge, Kolkata","AI Expert
GREAT PRICE
1st owner, 45k km — records look solid on this Venue.
Hyundai has a wide service network across India.
Read full report",₹7.25 Lakh,"45,000 km","EMI from ₹17,995/mo",Petrol,Manual,1st Owner
Maruti Suzuki Baleno Zeta CVT,https://www.cardekho.com/used-car-details/used-Maruti-baleno-zeta-cvt-cars-Kolkata_519cee6f-41e1-4bba-bc1f-e069458e6ace.htm,5.10L,2020,"30,000 kms",Petrol,Automatic,"Unnamed Road, Jodthbhim, Newtown, Kolkata","AI Expert
GREAT PRICE
1st owner, 30k km, no tampering — records look solid on this Baleno.
Maruti service is available in almost every city and town.
Read full report",₹5.10 Lakh,"30,000 km
Below avg","EMI from ₹12,659/mo",Petrol,Automatic,1st Owner
Mercedes-Benz E-Class E200 Edition E,https://www.cardekho.com/used-car-details/used-Mercedes-benz-e-class-e200-edition-e-cars-Kolkata_73cb6908-ec97-4ea7-8c3e-c6ed1bb470eb.htm?adId=32414&adType=41,19.25L,2017,"51,089 kms",Petrol,Automatic,"Salt Lake City, Kolkata","AI Expert
GREAT PRICE
1st owner, 51k km — history is traceable on this E-Class.
Mercedes feel at used-car pricing — badge, cabin, tech.
Read full report",₹19.25 Lakh,"51,089 km","EMI from ₹59,635/mo",Petrol,Automatic,1st Owner
Kia Sonet GTX Plus Turbo iMT BSVI,https://www.cardekho.com/used-car-details/used-Kia-sonet-gtx-plus-turbo-imt-bsvi-cars-Kolkata_465b4af5-cf83-4ee7-9c77-7ae429ae68b2.htm,7.98L,2021,"40,000 kms",Petrol,Manual,"Kasba, Kolkata","AI Expert
GREAT PRICE
1st owner, 40k km — history is traceable on this Sonet.
Kia is known for a feature-rich cabin at a competitive price.
Read full report",₹7.98 Lakh,"40,000 km","EMI from ₹19,807/mo",Petrol,Manual,1st Owner
Hyundai Grand i10 Sportz,https://www.cardekho.com/used-car-details/used-Hyundai-grand-i10-sportz-cars-Kolkata_0fcd3627-ac07-4b37-90d9-959462cc99ad.htm,2.90L,2016,"41,363 kms",Petrol,Manual,"Beleghata, Kolkata","AI Expert
GREAT PRICE
2nd owner, 41k km — key checks pass on this Grand i10.
Hyundai has a wide service network across India.
Read full report",₹2.90 Lakh,"41,363 km
Below avg","EMI from ₹12,594/mo",Petrol,Manual,2nd Owner
Jeep Compass 1.4 Sport BSVI,https://www.cardekho.com/used-car-details/used-Jeep-compass-14-sport-bsvi-cars-Kolkata_99a6d3ed-202d-49bb-a0c4-223c23eea1a9.htm,10.89L,2022,"38,000 kms",Petrol,Manual,"Kalighat, Kolkata","AI Expert
GREAT PRICE
1st owner, 38k km — ownership is clean on this Compass.
Jeep Compass brings genuine off-road capability to the SUV space.
Read full report",₹10.89 Lakh,"38,000 km","EMI from ₹27,030/mo",Petrol,Manual,1st Owner
Volkswagen Polo GT TSI,https://www.cardekho.com/used-car-details/used-Volkswagen-polo-gt-tsi-cars-Kolkata_318977b3-ebde-4f1e-ab77-bde8c48915d6.htm?adId=31241&adType=41,5.50L,2018,"70,000 kms",Petrol,Automatic,"Dakshindari Road, Ghoshpara, Lake Town, Kolkata","AI Expert
FAIR PRICE
3rd owner, 70k km, no tampering on this Polo GT TSI.
Simple to run, easy to park.
Read full report",₹5.50 Lakh,"70,000 km","EMI from ₹13,652/mo",Petrol,Automatic,3rd Owner
Mahindra XUV500 W8 FWD,https://www.cardekho.com/used-car-details/used-Mahindra-xuv500-w8-fwd-cars-Kolkata_26085103-ce92-4ba7-9458-a5ed7f2119da.htm,3.20L,2012,"60,000 kms",Diesel,Manual,"Sarat Bose Road, Kolkata","AI Expert
GREAT PRICE
2nd owner, 60k km — key checks pass on this XUV500.
Price dropped ₹51k — now at ₹3.2L.
Read full report",₹3.20 Lakh,"60,000 km",,Diesel,Manual,2nd Owner
Hyundai Creta SX Diesel AT BSVI,https://www.cardekho.com/buy-used-car-details/used-Hyundai-creta-sx-diesel-at-bsvi-cars-Kolkata_66e39c4e-9dbe-4970-ae7c-06964a30bcb1.htm,10.34L,2021,"94,012 kms",Diesel,Automatic,"University, Kolkata","AI Expert
GREAT PRICE
1st owner, 94k km — history looks solid on this Creta.
Price dropped ₹56k — now at ₹10.3L.
Read full report",₹10.34 Lakh,"94,012 km","EMI from ₹25,665/mo",Diesel,Automatic,1st Owner
Tata Tiago EV XT MR,https://www.cardekho.com/used-car-details/used-Tata-tiago-ev-xt-mr-cars-Kolkata_d1310355-22a4-47d2-9a85-e6d3c368733f.htm,5.90L,2023,"34,000 kms",Electric,Automatic,"Ballygunge, Kolkata","AI Expert
GREAT PRICE
2nd owner, 34k km — records look solid on this Tiago EV.
Tata EVs have near-zero running costs for daily city use.
Read full report",₹5.90 Lakh,"34,000 km
Below avg","EMI from ₹14,644/mo",Electric,Automatic,2nd Owner
Maruti Suzuki Alto 800 LXI,https://www.cardekho.com/used-car-details/used-Maruti-alto-800-lxi-cars-Kolkata_20c09643-b9e6-4261-b96d-f55d96cb5bc4.htm?adId=32987&adType=41,2.25L,2018,"44,000 kms",Petrol,Manual,"Garia Bt, Kolkata","AI Expert
GREAT PRICE
1st owner, 44k km — history looks solid on this Alto 800.
Simple to run, easy to park.
Read full report",₹2.25 Lakh,"44,000 km","EMI from ₹5,585/mo",Petrol,Manual,1st Owner
Hyundai Alcazar Platinum AE Turbo 7Str,https://www.cardekho.com/used-car-details/used-Hyundai-alcazar-platinum-ae-turbo-7str-cars-Kolkata_91235a2b-a2f7-473c-b99a-c037319c08b4.htm,13.55L,2023,"26,064 kms",Petrol,Manual,"E.K.T, Kolkata","AI Expert
GREAT PRICE
1st owner, 26k km — records look solid on this Alcazar.
300-point inspection done. Warranty included.
Read full report",₹13.55 Lakh,"26,064 km
Below avg","EMI from ₹33,632/mo",Petrol,Manual,1st Owner
Maruti Suzuki Ritz LDi,https://www.cardekho.com/buy-used-car-details/used-Maruti-ritz-ldi-cars-Kolkata_0cab603e-cf01-481c-9dd7-6ddeb75ef6ce.htm,2.67L,2014,"43,625 kms",Diesel,Manual,"E.K.T, Kolkata","AI Expert
GREAT PRICE
1st owner, 44k km — records look solid on this Ritz.
300-point inspection done. Warranty included.
Read full report",₹2.67 Lakh,"43,625 km",,Diesel,Manual,1st Owner
Hyundai i10 Magna 1.2,https://www.cardekho.com/used-car-details/used-Hyundai-i10-magna-12-cars-Kolkata_732b393b-b4be-420b-bcd9-70aa7ee48013.htm,1.65L,2012,"57,224 kms",Petrol,Manual,"E.K.T, Kolkata","AI Expert
GREAT PRICE
2nd owner, 57k km, insurance flagged — key checks pass on this i10.
300-point inspection done. Warranty included.
Read full report",₹1.65 Lakh,"57,224 km",,Petrol,Manual,2nd Owner
Kia Seltos GTX Plus Turbo DCT,https://www.cardekho.com/used-car-details/used-Kia-seltos-gtx-plus-turbo-dct-cars-Kolkata_163a4374-fe6a-4f58-aa60-567137cafbe7.htm?adId=30887&adType=41,13.99L,2023,"28,000 kms",Petrol,Automatic,"Kasba, Kolkata","AI Expert
GREAT PRICE
1st owner, 28k km — history is clean on this Seltos.
Kia Seltos holds value well for resale.
Read full report",₹13.99 Lakh,"28,000 km
Below avg","EMI from ₹34,724/mo",Petrol,Automatic,1st Owner
Hyundai Venue SX BSVI,https://www.cardekho.com/used-car-details/used-Hyundai-venue-sx-bsvi-cars-Kolkata_e1023151-06bb-46ca-82ea-f253527c45d6.htm,6.75L,2022,"53,998 kms",Petrol,Manual,"Salt Lake City, Kolkata","AI Expert
BELOW MARKET
1st owner, 54k km — records look solid on this Venue.
Hyundai has a wide service network across India.
Read full report",₹6.75 Lakh,"53,998 km","EMI from ₹16,754/mo",Petrol,Manual,1st Owner
Ford Figo Petrol EXI,https://www.cardekho.com/used-car-details/used-Ford-figo-petrol-exi-cars-Kolkata_86e85231-0d69-41d0-84f4-0a4b123175f1.htm,2.50L,2013,"90,000 kms",Petrol,Manual,"Naktala, Kolkata","AI Expert
ABOVE MARKET
2nd owner, 90k km on this Ford Figo — key checks pass.
Ford exited India in 2021 — verify parts availability first.
Read full report",₹2.50 Lakh,"90,000 km",,Petrol,Manual,2nd Owner
Maruti Suzuki Celerio ZXI Optional,https://www.cardekho.com/used-car-details/used-Maruti-celerio-zxi-optional-cars-Kolkata_fb25f308-1f03-4ade-84ad-de431467ff0f.htm,4.25L,2021,"45,000 kms",Petrol,Manual,"Jadavpur University, Kolkata","AI Expert
GREAT PRICE
1st owner, 45k km — documents are clean on this Celerio.
Maruti service is easy to find.
Read full report",₹4.25 Lakh,"45,000 km","EMI from ₹10,549/mo",Petrol,Manual,1st Owner
Hyundai i20 1.2 Magna Executive,https://www.cardekho.com/used-car-details/used-Hyundai-i20-12-magna-executive-cars-Kolkata_bef2fc87-cae3-4431-82b9-92a92360042d.htm?adId=32584&adType=41,3.75L,2018,"1,14,000 kms",Petrol,Manual,Kolkata,"AI Expert
FAIR PRICE
1st owner, no tampering, 114k km — records look solid on this i20.
Simple to run, easy to park.
Read full report",₹3.75 Lakh,"1,14,000 km","EMI from ₹9,308/mo",Petrol,Manual,1st Owner
Kia Carens Luxury Plus iMT,https://www.cardekho.com/buy-used-car-details/used-Kia-carens-luxury-plus-imt-cars-Kolkata_d1f51fc0-4bc4-4f62-ab61-96a17ce882e8.htm,12.01L,2023,"24,536 kms",Petrol,Manual,"Airport Po, Kolkata","AI Expert
GREAT PRICE
1st owner, no accident, 25k km — records look solid on this Carens.
300-point inspection done. Warranty included.
Read full report",₹12.01 Lakh,"24,536 km
Below avg","EMI from ₹29,804/mo",Petrol,Manual,1st Owner
Honda Elevate ZX Non RF,https://www.cardekho.com/used-car-details/used-Honda-elevate-zx-non-rf-cars-Kolkata_0b96cdf6-09a4-459b-99aa-e20f3cef8ec6.htm,10L,2023,"40,000 kms",Petrol,Manual,"Kasba, Kolkata","AI Expert
BELOW MARKET
1st owner, 40k km — records look solid on this Elevate.
Honda engines are known to last well over high km.
Read full report",₹10 Lakh,"40,000 km","EMI from ₹24,819/mo",Petrol,Manual,1st Owner
Hyundai i20 Active 1.2 S,https://www.cardekho.com/used-car-details/used-Hyundai-i20-active-12-s-cars-Kolkata_e143d461-bb44-4268-83fc-9c1b7390a031.htm,3.99L,2018,"71,000 kms",Petrol,Manual,"Garia Bt, Kolkata","AI Expert
GREAT PRICE
1st owner, 71k km — history looks solid on this i20 Active.
Hyundai has a wide service network across India.
Read full report",₹3.99 Lakh,"71,000 km","EMI from ₹9,904/mo",Petrol,Manual,1st Owner
Toyota Innova Crysta 2.4 VX 8Str,https://www.cardekho.com/used-car-details/used-Toyota-innova-crysta-24-vx-8str-cars-Kolkata_31894da4-7995-4cbb-a143-c738139f803a.htm?adId=32415&adType=41,21.25L,2024,"24,974 kms",Diesel,Manual,"Salt Lake City, Kolkata","AI Expert
GREAT PRICE
1st owner, 25k km — history looks solid on this Innova Crysta.
Only 2 years old — near-new condition at used-car pricing.
Read full report",₹21.25 Lakh,"24,974 km","EMI from ₹52,743/mo",Diesel,Manual,1st Owner
Hyundai Creta SX Tech,https://www.cardekho.com/used-car-details/used-Hyundai-creta-sx-tech-cars-Kolkata_c767a45b-1c3b-4c62-892f-55379837f35c.htm,13.65L,2024,"30,467 kms",Petrol,Manual,"Sarat Bose Road, Kolkata","AI Expert
GREAT PRICE
1st owner, no accident, 30k km — records look solid on this Creta.
Price dropped ₹60k — now at ₹13.7L.
Read full report",₹13.65 Lakh,"30,467 km
Below avg","EMI from ₹33,880/mo",Petrol,Manual,1st Owner
Skoda Slavia 1.0 TSI Style,https://www.cardekho.com/used-car-details/used-Skoda-slavia-10-tsi-style-cars-Kolkata_17c27755-df78-49e4-b6d9-1899a48e266e.htm,9.99L,2023,"8,332 kms",Petrol,Manual,"Airport Po, Kolkata","AI Expert
GREAT PRICE
1st owner, 8k km — history looks solid on this Slavia.
Only 8k km — lower than 94% of similar Slavias on CarDekho.
Read full report",₹9.99 Lakh,"8,332 km
Below avg","EMI from ₹24,796/mo",Petrol,Manual,1st Owner
MG Windsor EV Exclusive,https://www.cardekho.com/used-car-details/used-Mg-windsor-ev-exclusive-cars-Kolkata_32da3ff4-e090-487e-9413-a2a20c4dd716.htm,13.10L,2025,"19,500 kms",Electric,Automatic,"Entally, Kolkata","AI Expert
GREAT PRICE
1st owner, 20k km — documents are clean on this Windsor EV.
1 year old, only 20k km — near-new in every sense.
Read full report",₹13.10 Lakh,"19,500 km
Below avg","EMI from ₹32,515/mo",Electric,Automatic,1st Owner
Jeep Compass 2.0 Limited 4X4,https://www.cardekho.com/used-car-details/used-Jeep-compass-20-limited-4x4-cars-Kolkata_acc9a013-6787-4bd8-9c51-f96295f63d7c.htm?adId=31987&adType=41,7.40L,2018,"48,000 kms",Diesel,Manual,"Middleton Row, Kolkata","AI Expert
GREAT PRICE
2nd owner, 48k km on this Compass — key checks pass.
Simple to run, easy to park.
Read full report",₹7.40 Lakh,"48,000 km","EMI from ₹18,367/mo",Diesel,Manual,2nd Owner
Maruti Suzuki S-Presso VXI Plus 2019-2022,https://www.cardekho.com/used-car-details/used-Maruti-s-presso-vxi-plus-2019-2022-cars-Kolkata_9f8525e2-ba6d-4cf6-a38a-0b3a134546ee.htm,3L,2020,"27,132 kms",Petrol,Manual,"Jadavpur University, Kolkata","AI Expert
BELOW MARKET
1st owner, 27k km — ownership and records look solid on this S-Presso.
One of the lowest running costs of any car in India.
Read full report",₹3 Lakh,"27,132 km
Below avg","EMI from ₹7,447/mo",Petrol,Manual,1st Owner
Hyundai Grand i10 1.2 Kappa Asta,https://www.cardekho.com/used-car-details/used-Hyundai-grand-i10-12-kappa-asta-cars-Kolkata_eb61c91a-e6c3-4e63-8887-c43c562c8619.htm,5.40L,2022,"12,041 kms",Petrol,Manual,"Airport Po, Kolkata","AI Expert
GREAT PRICE
2nd owner, 12k km — papers are clean on this Grand i10.
300-point inspection done. Warranty included.
Read full report",₹5.40 Lakh,"12,041 km
Below avg","EMI from ₹13,393/mo",Petrol,Manual,2nd Owner
Skoda Kushaq 1.5 TSI Ambition DSG DT,https://www.cardekho.com/used-car-details/used-Skoda-kushaq-15-tsi-ambition-dsg-dt-cars-Kolkata_8a74bcbc-f8a8-4759-9170-2cc0cde1c73d.htm,12.75L,2023,"17,000 kms",Petrol,Automatic,"Ballygunge RS, Kolkata","AI Expert
ABOVE MARKET
1st owner, 17k km — history looks solid on this Kushaq.
Skoda service is easy to find.
Read full report",₹12.75 Lakh,"17,000 km
Below avg","EMI from ₹31,646/mo",Petrol,Automatic,1st Owner
Maruti Suzuki S-Presso VXI Plus 2019-2022,https://www.cardekho.com/used-car-details/used-Maruti-s-presso-vxi-plus-2019-2022-cars-Kolkata_5060ccf9-61f3-458a-9843-7abca62c5a89.htm?adId=33175&adType=41,3.25L,2020,"32,000 kms",Petrol,Manual,"Garia Bt, Kolkata","AI Expert
GREAT PRICE
1st owner, 32k km — history is traceable on this S-Presso.
Maruti service is available in almost every .
Read full report",₹3.25 Lakh,"32,000 km","EMI from ₹8,067/mo",Petrol,Manual,1st Owner
Hyundai i20 Sportz BSVI,https://www.cardekho.com/used-car-details/used-Hyundai-i20-sportz-bsvi-cars-Kolkata_4077d391-2e8b-4dfa-97a4-a057f8fd347d.htm,5.10L,2020,"30,000 kms",Petrol,Manual,"Airport, Kolkata","AI Expert
FAIR PRICE
1st owner, 30k km — papers are clean on this i20.
Hyundai has a wide service network across India.
Read full report",₹5.10 Lakh,"30,000 km
Below avg","EMI from ₹12,659/mo",Petrol,Manual,1st Owner
Hyundai Creta SX Diesel BSVI,https://www.cardekho.com/used-car-details/used-Hyundai-creta-sx-diesel-bsvi-cars-Kolkata_7b0de185-08b9-4dc5-9ce1-5fa1415dc0be.htm,10.25L,2022,"55,500 kms",Diesel,Manual,"Bhowanipore, Kolkata","AI Expert
GREAT PRICE
1st owner, 56k km — papers are clean on this Creta.
Simple to run, easy to park.
Read full report",₹10.25 Lakh,"55,500 km","EMI from ₹25,444/mo",Diesel,Manual,1st Owner
Hyundai Creta 1.6 SX Automatic,https://www.cardekho.com/used-car-details/used-Hyundai-creta-16-sx-automatic-cars-Kolkata_074fd3dd-5e68-45bf-bac5-79e5e1ebb5f8.htm,6.98L,2019,"42,000 kms",Petrol,Automatic,"Kasba, Kolkata","AI Expert
GREAT PRICE
1st owner, 42k km — history looks clean on this Creta.
Creta holds resale value well.
Read full report",₹6.98 Lakh,"42,000 km","EMI from ₹17,325/mo",Petrol,Automatic,1st Owner
Maruti Suzuki Swift Dzire ZXI,https://www.cardekho.com/used-car-details/used-Maruti-swift-dzire-zxi-cars-Kolkata_ea70d4b2-ce73-4975-a347-53c7cdd9a769.htm?adId=32800&adType=41,2.99L,2013,"32,000 kms",Petrol,Manual,"J.b.s, Kolkata","AI Expert
BELOW MARKET
1st owner, 32k km — key checks pass on this Swift Dzire.
Price dropped ₹20k — now at ₹3L.
Read full report",₹2.99 Lakh,"32,000 km
Below avg",,Petrol,Manual,1st Owner
Mahindra TUV 300 T8,https://www.cardekho.com/used-car-details/used-Mahindra-tuv-300-t8-cars-Kolkata_ab1db2dd-b332-41c1-b067-86357c67bb31.htm,4.75L,2016,"54,000 kms",Diesel,Manual,"Garia Bt, Kolkata","AI Expert
GREAT PRICE
2nd owner, 54k km on this TUV 300 — documents are clean.
Mahindra SUVs are built for Indian roads — rugged and reliable.
Read full report",₹4.75 Lakh,"54,000 km","EMI from ₹20,627/mo",Diesel,Manual,2nd Owner
Toyota Rumion S,https://www.cardekho.com/used-car-details/used-Toyota-rumion-s-cars-Kolkata_d3559146-ea18-4407-8a84-da8e116ce44c.htm,9.90L,2025,"12,000 kms",Petrol,Manual,"Ballygunge, Kolkata","AI Expert
GREAT PRICE
1st owner, 12k km — papers are clean on this Rumion.
1 year old, only 12k km — near-new in every sense.
Read full report",₹9.90 Lakh,"12,000 km
Below avg","EMI from ₹24,572/mo",Petrol,Manual,1st Owner
Tata Nexon EV Fearless LR,https://www.cardekho.com/used-car-details/used-Tata-nexon-ev-fearless-lr-cars-Kolkata_55eb1b9a-1e67-421a-ac15-5689d8e0dd48.htm,9.85L,2023,"25,000 kms",Electric,Automatic,"Ghose Bagan, Kolkata","AI Expert
GREAT PRICE
1st owner, 25k km — ownership is clean on this Nexon EV.
Tata EVs have near-zero running costs for daily city use.
Read full report",₹9.85 Lakh,"25,000 km
Below avg","EMI from ₹24,448/mo",Electric,Automatic,1st Owner
Volkswagen Polo 1.2 MPI Highline,https://www.cardekho.com/used-car-details/used-Volkswagen-polo-12-mpi-highline-cars-Kolkata_2fe51fed-7730-4881-89fe-8eb0c5295be7.htm?adId=32801&adType=41,2.49L,2013,"44,000 kms",Petrol,Manual,"J.b.s, Kolkata","AI Expert
BELOW MARKET
2nd owner, 44k km — papers are clean on this Polo.
Price dropped ₹50k — now at ₹2.5L.
Read full report",₹2.49 Lakh,"44,000 km
Below avg",,Petrol,Manual,2nd Owner
Hyundai Grand i10 Nios Asta,https://www.cardekho.com/used-car-details/used-Hyundai-grand-i10-nios-asta-cars-Kolkata_737c4b8b-d8d2-4f28-bf86-60d1009c822d.htm,5.99L,2024,"16,000 kms",Petrol,Manual,"Ballygunge, Kolkata","AI Expert
BELOW MARKET
1st owner, 16k km — history looks solid on this Grand i10 Nios.
2 year old, only 16k km — near-new in every sense.
Read full report",₹5.99 Lakh,"16,000 km
Below avg","EMI from ₹14,868/mo",Petrol,Manual,1st Owner
Maruti Suzuki Swift Dzire VDI,https://www.cardekho.com/used-car-details/used-Maruti-swift-dzire-vdi-cars-Kolkata_5ada2cac-064d-4a44-abf8-16e7ca70e493.htm,2.20L,2013,"90,000 kms",Diesel,Manual,"Thakurpukur, Kolkata","AI Expert
BELOW MARKET
2nd owner, 90k km on this Swift Dzire — key checks are clear.
Simple to run, easy to park.
Read full report",₹2.20 Lakh,"90,000 km",,Diesel,Manual,2nd Owner
Hyundai Creta S Plus Knight,https://www.cardekho.com/used-car-details/used-Hyundai-creta-s-plus-knight-cars-Kolkata_e098b4f2-2c7f-4a4a-9db9-7f3cebabd76d.htm,10.49L,2023,"12,000 kms",Petrol,Manual,"J.b.s, Kolkata","AI Expert
GREAT PRICE
2nd owner, 12k km — papers are clean on this Creta.
Price dropped ₹50k — now at ₹10.5L.
Read full report",₹10.49 Lakh,"12,000 km
Below avg","EMI from ₹26,037/mo",Petrol,Manual,2nd Owner
Maruti Suzuki Celerio X ZXI,https://www.cardekho.com/used-car-details/used-Maruti-celerio-x-zxi-cars-Kolkata_9723019c-79f4-4d29-b49b-f93bc238a034.htm?adId=32162&adType=41,4.05L,2021,"50,000 kms",Petrol,Manual,"Baranagar, Kolkata","AI Expert
GREAT PRICE
1st owner, 50k km — key checks pass on this Celerio X.
Maruti service is available in almost every city and town.
Read full report",₹4.05 Lakh,"50,000 km","EMI from ₹10,053/mo",Petrol,Manual,1st Owner
Mercedes-Benz A Class A180 CDI,https://www.cardekho.com/used-car-details/used-Mercedes-benz-a-class-a180-cdi-cars-Kolkata_02090b5d-84bd-4b43-be8b-5f670d1af189.htm,10L,2014,"40,000 kms",Diesel,Automatic,"Gobinda Khatick Road, Kolkata",,₹10 Lakh,"40,000 km",,Diesel,Automatic,2nd Owner
Volkswagen Polo 1.2 MPI Comfortline,https://www.cardekho.com/used-car-details/used-Volkswagen-polo-12-mpi-comfortline-cars-Kolkata_72ec2f1d-68f4-4538-960d-db0567a65fc8.htm,2.50L,2014,"1,10,000 kms",Petrol,Manual,"Kalighat, Kolkata",,₹2.50 Lakh,"1,10,000 km",,Petrol,Manual,1st Owner
Toyota Fortuner 2.8 4WD AT BSIV,https://www.cardekho.com/used-car-details/used-Toyota-fortuner-28-4wd-at-bsiv-cars-Kolkata_7844cecd-3a1a-4233-9dc0-58be23482017.htm,22L,2017,"1,20,000 kms",Diesel,Automatic,"Jodhpur Park, Kolkata",,₹22 Lakh,"1,20,000 km","EMI from ₹68,154/mo",Diesel,Automatic,1st Owner
Maruti Suzuki Eeco 5 Seater AC BSIV,https://www.cardekho.com/used-car-details/used-Maruti-eeco-5-seater-ac-bsiv-cars-Kolkata_cc059816-2f4b-447a-963f-306d0db9d39e.htm,2.54 Lakh,2014,"10,000 km",,,,,₹2.54 Lakh,"10,000 km",,Petrol,Manual,1st Owner
Maruti Suzuki Alto 800 LXI,https://www.cardekho.com/used-car-details/used-Maruti-alto-800-lxi-cars-Kolkata_474f95e2-375a-422a-9551-2ae6bfaf363b.htm,2.10 Lakh,2016,"35,925 km",,,,,₹2.10 Lakh,"35,925 km","EMI from ₹9,120/mo",Petrol,Manual,1st Owner
Maruti Suzuki Eeco 7 Seater STD (O),https://www.cardekho.com/used-car-details/used-Maruti-eeco-7-seater-std-o-cars-Kolkata_d57a6c0f-474d-406b-95cd-ae5484dd49d3.htm,4.50 Lakh,2022,"90,000 km",,,,,₹4.50 Lakh,"90,000 km","EMI from ₹11,170/mo",Petrol,Manual,1st Owner
Mercedes-Benz GL-Class 350 CDI Blue Efficiency,https://www.cardekho.com/used-car-details/used-Mercedes-benz-gl-class-350-cdi-blue-efficiency-cars-Kolkata_c8ac3194-07bb-4adb-ba2a-f564f25f2bee.htm,22 Lakh,2014,"1,03,000 km",,,,,₹22 Lakh,"1,03,000 km",,Diesel,Automatic,1st Owner
Maruti Suzuki Wagon R AMT VXI,https://www.cardekho.com/used-car-details/used-Maruti-wagon-r-amt-vxi-cars-Kolkata_8e2415af-1b0f-4276-8fd1-930e3ce98fdd.htm,2.85 Lakh,2019,"40,000 km",,,,,₹2.85 Lakh,"40,000 km","EMI from ₹7,074/mo",Petrol,Automatic,3rd Owner
Maruti Suzuki Swift Dzire VDI,https://www.cardekho.com/used-car-details/used-Maruti-swift-dzire-vdi-cars-Kolkata_182facb7-deb5-4d24-88db-11e8a59b05e3.htm,4.34L,2017,"58,000 kms",Diesel,Manual,"Sarat Bose Road, Kolkata","AI Expert
GREAT PRICE
1st owner, 58k km — history looks solid on this Swift Dzire.
Maruti service is available in almost every city and town.
Read full report",₹4.34 Lakh,"58,000 km","EMI from ₹13,445/mo",Diesel,Manual,1st Owner
Maruti Suzuki Wagon R VXI BS IV,https://www.cardekho.com/used-car-details/used-Maruti-wagon-r-vxi-bs-iv-cars-Kolkata_04bedd44-466a-4ce9-a2a6-d8d1cd135771.htm,2.75L,2018,"52,000 kms",Petrol,Manual,"Garia Bt, Kolkata","AI Expert
BELOW MARKET
1st owner, 52k km — history looks solid on this Wagon R.
Maruti service is available in almost every city and town.
Read full report",₹2.75 Lakh,"52,000 km","EMI from ₹6,826/mo",Petrol,Manual,1st Owner
Mahindra XUV 3XO AX5 L Turbo,https://www.cardekho.com/used-car-details/used-Mahindra-xuv-3xo-ax5-l-turbo-cars-Kolkata_64340843-d7b0-4832-a694-573a69127bfe.htm,10.50L,2025,"2,750 kms",Petrol,Manual,"Entally, Kolkata","AI Expert
GREAT PRICE
1st owner, 3k km — key checks pass on this XUV 3XO.
Only 1 year old — near-new at used-car pricing.
Read full report",₹10.50 Lakh,"2,750 km
Below avg","EMI from ₹26,062/mo",Petrol,Manual,1st Owner
Hyundai Verna SX,https://www.cardekho.com/used-car-details/used-Hyundai-verna-sx-cars-Kolkata_a8631b74-b794-454c-8b15-22648e6db5e6.htm?adId=31023&adType=41,7.99L,2021,"22,000 kms",Petrol,Manual,"Bhowanipore, Kolkata","AI Expert
GREAT PRICE
1st owner, 22k km — history looks solid on this Verna.
Hyundai has a wide service network across India.
Read full report",₹7.99 Lakh,"22,000 km
Below avg","EMI from ₹19,835/mo",Petrol,Manual,1st Owner
Maruti Suzuki Baleno Alpha Diesel,https://www.cardekho.com/used-car-details/used-Maruti-baleno-alpha-diesel-cars-Kolkata_1173b8a8-7ecc-4c4b-9db7-27aa40bb23ed.htm,6.18L,2021,"52,400 kms",Diesel,Manual,"Airport Po, Kolkata","AI Expert
GREAT PRICE
1st owner, 52k km — records look solid on this Baleno.
Comprehensive insurance — valid till May 2027.
Read full report",₹6.18 Lakh,"52,400 km","EMI from ₹15,339/mo",Diesel,Manual,1st Owner
Hyundai Creta N Line N10 DCT,https://www.cardekho.com/used-car-details/used-Hyundai-creta-n-line-n10-dct-cars-Kolkata_def5f0a8-022d-484d-a465-04c88382673c.htm,16.95L,2024,"14,000 kms",Petrol,Automatic,"Ballygunge, Kolkata","AI Expert
GREAT PRICE
1st owner, 14k km — ownership is clean on this Creta N Line.
2 year old, only 14k km — near-new in every sense.
Read full report",₹16.95 Lakh,"14,000 km
Below avg","EMI from ₹42,071/mo",Petrol,Automatic,1st Owner
Hyundai Grand i10 1.2 Kappa Asta,https://www.cardekho.com/used-car-details/used-Hyundai-grand-i10-12-kappa-asta-cars-Kolkata_39463eef-44e7-4899-b62c-5d862cf33ffd.htm,2.83L,2014,"27,393 kms",Petrol,Manual,"Airport Po, Kolkata","AI Expert
GREAT PRICE
2nd owner, 27k km — key checks pass on this Grand i10.
Only 27k km — lower than 80% of similar Grand i10s on CarDekho.
Read full report",₹2.83 Lakh,"27,393 km
Below avg",,Petrol,Manual,2nd Owner
Hyundai Aura S AMT,https://www.cardekho.com/used-car-details/used-Hyundai-aura-s-amt-cars-Kolkata_c13f913e-eb5d-4c14-8408-e1c02c2178cf.htm?adId=33050&adType=41,6.55L,2022,"13,533 kms",Petrol,Automatic,"Salt Lake City, Kolkata","AI Expert
GREAT PRICE
1st owner, 14k km — history looks clean on this Aura.
Only 14k km — lower than 98% of similar Auras on CarDekho.
Read full report",₹6.55 Lakh,"13,533 km
Below avg","EMI from ₹16,258/mo",Petrol,Automatic,1st Owner
Hyundai Verna EX,https://www.cardekho.com/buy-used-car-details/used-Hyundai-verna-ex-cars-Kolkata_13ab2753-b57d-4bb2-8f8a-ffb57c063f79.htm,4.88L,2018,"87,080 kms",Petrol,Manual,"E.K.T, Kolkata","AI Expert
GREAT PRICE
1st owner, 87k km — records look solid on this Verna.
300-point inspection done. Warranty included.
Read full report",₹4.88 Lakh,"87,080 km","EMI from ₹12,113/mo",Petrol,Manual,1st Owner
Honda Amaze VX Petrol,https://www.cardekho.com/used-car-details/used-Honda-amaze-vx-petrol-cars-Kolkata_c85e6e24-952d-4915-9aa8-6dcff67f325d.htm,4.85L,2021,"45,000 kms",Petrol,Manual,"Kasba, Kolkata","AI Expert
GREAT PRICE
1st owner, 45k km — history looks clean on this Amaze.
Simple to run, easy to park.
Read full report",₹4.85 Lakh,"45,000 km
Below avg","EMI from ₹12,038/mo",Petrol,Manual,1st Owner
Maruti Suzuki Swift ZXI BSVI,https://www.cardekho.com/used-car-details/used-Maruti-swift-zxi-bsvi-cars-Kolkata_1db1ffdc-a684-4886-9a15-2db11acad389.htm,5L,2021,"10,000 kms",Petrol,Manual,"Bonhooghly, Kolkata","AI Expert
BELOW MARKET
2nd owner, 10k km — key checks pass on this Swift.
Simple to run, easy to park.
Read full report",₹5 Lakh,"10,000 km
Below avg","EMI from ₹12,411/mo",Petrol,Manual,2nd Owner
Hyundai Verna SX,https://www.cardekho.com/used-car-details/used-Hyundai-verna-sx-cars-Kolkata_a8631b74-b794-454c-8b15-22648e6db5e6.htm?adId=31023&adType=41,7.99L,2021,"22,000 kms",Petrol,Manual,"Bhowanipore, Kolkata","AI Expert
GREAT PRICE
1st owner, 22k km — history looks solid on this Verna.
Hyundai has a wide service network across India.
Read full report",₹7.99 Lakh,"22,000 km
Below avg","EMI from ₹19,835/mo",Petrol,Manual,1st Owner
Volkswagen Polo GT TSI,https://www.cardekho.com/used-car-details/used-Volkswagen-polo-gt-tsi-cars-Kolkata_9ab83b9b-68e0-4cbc-9200-16c071ad07b8.htm,5.99L,2019,"39,000 kms",Petrol,Automatic,"Rash Behari Avenue, Kolkata","AI Expert
GREAT PRICE
1st owner, 39k km — ownership is clean on this Polo GT TSI.
Comprehensive insurance — valid till February 2027.
Read full report",₹5.99 Lakh,"39,000 km
Below avg","EMI from ₹14,868/mo",Petrol,Automatic,1st Owner
Honda Elevate ZX CVT Non RF,https://www.cardekho.com/buy-used-car-details/used-Honda-elevate-zx-cvt-non-rf-cars-Kolkata_86bff0d0-9826-4315-b029-12e05369fdcc.htm,10.82L,2023,"37,974 kms",Petrol,Automatic,"E.K.T, Kolkata","AI Expert
GREAT PRICE
1st owner, 38k km — documents are clean on this Elevate.
300-point inspection done. Warranty included.
Read full report",₹10.82 Lakh,"37,974 km","EMI from ₹26,855/mo",Petrol,Automatic,1st Owner
Tata Altroz XM,https://www.cardekho.com/used-car-details/used-Tata-altroz-xm-cars-Kolkata_4b4199c9-8527-4d24-9b1c-cbace70e51c1.htm,4.49L,2020,"34,000 kms",Petrol,Manual,"Bhowanipore, Kolkata","AI Expert
GREAT PRICE
1st owner, 34k km — history looks solid on this Altroz.
Tata has a wide service network and reliable after-sales support.
Read full report",₹4.49 Lakh,"34,000 km
Below avg","EMI from ₹11,148/mo",Petrol,Manual,1st Owner
Jaguar XF 2.0 Petrol Portfolio,https://www.cardekho.com/used-car-details/used-Jaguar-xf-20-petrol-portfolio-cars-Kolkata_3889bae5-ad51-438f-ac50-74f9142a7075.htm?adId=32131&adType=41,16L,2017,"40,000 kms",Petrol,Automatic,"Canal Circular Road, Phool Bagan, Kankurgachi, Kolkata","AI Expert
GREAT PRICE
4th owner, no accident, 40k km — records are clear on this XF.
Simple to run, easy to park.
Read full report",₹16 Lakh,"40,000 km","EMI from ₹49,567/mo",Petrol,Automatic,4th Owner
Mahindra Bolero B6 Opt BSVI,https://www.cardekho.com/used-car-details/used-Mahindra-bolero-b6-opt-bsvi-cars-Kolkata_00b2d5e6-0f76-41aa-914f-066cb905fb80.htm,8.37L,2022,"80,000 kms",Diesel,Manual,"E.K.T, Kolkata","AI Expert
GREAT PRICE
1st owner, 80k km — records look solid on this Bolero.
Mahindra service is easy to find.
Read full report",₹8.37 Lakh,"80,000 km","EMI from ₹20,775/mo",Diesel,Manual,1st Owner
Hyundai Creta SX Diesel,https://www.cardekho.com/buy-used-car-details/used-Hyundai-creta-sx-diesel-cars-Kolkata_8b908304-7e08-4046-80da-e40e77e798c6.htm,9.50L,2022,"99,981 kms",Diesel,Manual,"E.K.T, Kolkata","AI Expert
BELOW MARKET
1st owner, 100k km — history is traceable on this Creta.
300-point inspection done. Warranty included.
Read full report",₹9.50 Lakh,"99,981 km","EMI from ₹23,569/mo",Diesel,Manual,1st Owner
Maruti Suzuki Swift VXI AMT BSVI,https://www.cardekho.com/used-car-details/used-Maruti-swift-vxi-amt-bsvi-cars-Kolkata_30ce5734-94c2-4ea0-b840-9bff9699c6ba.htm,5.75L,2021,"37,397 kms",Petrol,Automatic,"Salt Lake City, Kolkata","AI Expert
FAIR PRICE
1st owner, 37k km, no accident — key checks pass on this Swift.
Maruti service is available in almost every city and town.
Read full report",₹5.75 Lakh,"37,397 km
Below avg","EMI from ₹14,272/mo",Petrol,Automatic,1st Owner
Maruti Suzuki S-Presso VXI Plus 2019-2022,https://www.cardekho.com/used-car-details/used-Maruti-s-presso-vxi-plus-2019-2022-cars-Kolkata_5060ccf9-61f3-458a-9843-7abca62c5a89.htm?adId=33175&adType=41,3.25L,2020,"32,000 kms",Petrol,Manual,"Garia Bt, Kolkata","AI Expert
GREAT PRICE
1st owner, 32k km — history is traceable on this S-Presso.
Maruti service is available in almost every .
Read full report",₹3.25 Lakh,"32,000 km","EMI from ₹8,067/mo",Petrol,Manual,1st Owner
Mahindra KUV 100 mFALCON G80 K6 Plus,https://www.cardekho.com/used-car-details/used-Mahindra-kuv-100-mfalcon-g80-k6-plus-cars-Kolkata_7703fdd5-220b-4d26-8f23-9055e597aac7.htm,2.50L,2017,"50,000 kms",Petrol,Manual,"Laskarpur Road, Garia Gardens, Narkal Bagan, Kolkata","AI Expert
GREAT PRICE
3rd owner, 50k km — records look solid on this KUV 100.
Mahindra SUVs are built for Indian roads — rugged and reliable.
Read full report",₹2.50 Lakh,"50,000 km","EMI from ₹7,745/mo",Petrol,Manual,3rd Owner
Mahindra XUV 3XO AX7 Turbo AT,https://www.cardekho.com/used-car-details/used-Mahindra-xuv-3xo-ax7-turbo-at-cars-Kolkata_5eb66f83-e75e-4dbb-b980-31386c124a29.htm,11.66L,2025,"10,000 kms",Petrol,Automatic,"Mahestala, Kolkata","AI Expert
GREAT PRICE
1st owner, 10k km — history looks clean on this XUV 3XO.
1 year old, only 10k km — near-new in every sense.
Read full report",₹11.66 Lakh,"10,000 km
Below avg","EMI from ₹28,941/mo",Petrol,Automatic,1st Owner
Mahindra KUV 100 NXT G80 K2 Plus,https://www.cardekho.com/used-car-details/used-Mahindra-kuv-100-nxt-g80-k2-plus-cars-Kolkata_38aaf984-1895-44eb-afd0-853ac493a490.htm,2.90L,2020,"68,000 kms",Petrol,Manual,"Ballygunge, Kolkata","AI Expert
GREAT PRICE
2nd owner, 68k km on this KUV 100 NXT — records look solid.
Simple to run, easy to park.
Read full report",₹2.90 Lakh,"68,000 km","EMI from ₹7,198/mo",Petrol,Manual,2nd Owner
Renault KWID 1.0 RXT 02 Anniversary Edition,https://www.cardekho.com/used-car-details/used-Renault-kwid-10-rxt-02-anniversary-edition-cars-Kolkata_d6d92127-e259-4bc7-83f8-1f5a18211acf.htm?adId=32802&adType=41,2.49L,2018,"37,000 kms",Petrol,Manual,"J.b.s, Kolkata","AI Expert
BELOW MARKET
1st owner, 37k km — history is traceable on this KWID.
Price dropped ₹16k — now at ₹2.5L.
Read full report",₹2.49 Lakh,"37,000 km","EMI from ₹6,181/mo",Petrol,Manual,1st Owner
Toyota Fortuner 2.8 2WD MT BSIV,https://www.cardekho.com/used-car-details/used-Toyota-fortuner-28-2wd-mt-bsiv-cars-Kolkata_24885486-077d-47c0-9fbe-e3b787b31e2c.htm,21.50L,2017,"1,12,000 kms",Diesel,Manual,"Cornelia Sorabji Road, Maidan, B.B.D. Bagh, Kolkata","AI Expert
GREAT PRICE
1st owner, no tampering — 112k km on this Fortuner.
Simple to run, easy to park.
Read full report",₹21.50 Lakh,"1,12,000 km","EMI from ₹66,605/mo",Diesel,Manual,1st Owner
Renault KWID 1.0 RXT,https://www.cardekho.com/used-car-details/used-Renault-kwid-10-rxt-cars-Kolkata_349cb9a0-4997-4a7b-a108-87888a89207c.htm,2.50L,2017,"17,000 kms",Petrol,Manual,"Lake Market, Kolkata","AI Expert
FAIR PRICE
1st owner, no accident, 17k km — records look solid on this KWID.
Simple to run, easy to park.
Read full report",₹2.50 Lakh,"17,000 km
Below avg","EMI from ₹7,745/mo",Petrol,Manual,1st Owner
Hyundai Grand i10 1.2 Kappa Sportz Option AT,https://www.cardekho.com/used-car-details/used-Hyundai-grand-i10-12-kappa-sportz-option-at-cars-Kolkata_da078a19-bc3a-42da-bb11-c62fcfd14f38.htm,3.60L,2017,"34,000 kms",Petrol,Automatic,"Rash Behari Avenue, Kolkata","AI Expert
GREAT PRICE
1st owner, 34k km — history is traceable on this Grand i10.
Hyundai has a wide service network across India.
Read full report",₹3.60 Lakh,"34,000 km
Below avg","EMI from ₹11,153/mo",Petrol,Automatic,1st Owner
Maruti Suzuki Celerio X ZXI,https://www.cardekho.com/used-car-details/used-Maruti-celerio-x-zxi-cars-Kolkata_9723019c-79f4-4d29-b49b-f93bc238a034.htm?adId=32162&adType=41,4.05L,2021,"50,000 kms",Petrol,Manual,"Baranagar, Kolkata","AI Expert
GREAT PRICE
1st owner, 50k km — key checks pass on this Celerio X.
Maruti service is available in almost every city and town.
Read full report",₹4.05 Lakh,"50,000 km","EMI from ₹10,053/mo",Petrol,Manual,1st Owner
MG Hector Savvy Pro CVT 2023-2025,https://www.cardekho.com/used-car-details/used-Mg-hector-savvy-pro-cvt-2023-2025-cars-Kolkata_e22148c3-b085-4d15-bf57-7e30bc53b534.htm,14.50L,2023,"27,000 kms",Petrol,Automatic,"Ballygunge, Kolkata","AI Expert
BELOW MARKET
1st owner, no accident — ₹2.1L below what similar Hectors sell for.
₹2.1L below what similar Hectors sell for.
Read full report",₹14.50 Lakh,"27,000 km
Below avg","EMI from ₹35,990/mo",Petrol,Automatic,1st Owner
Maruti Suzuki XL6 Zeta,https://www.cardekho.com/used-car-details/used-Maruti-xl6-zeta-cars-Kolkata_e757d29f-5b4f-43fa-85d5-1de58b386c08.htm,9.50L,2023,"38,000 kms",Petrol,Manual,"Salt Lake City, Kolkata","AI Expert
GREAT PRICE
1st owner, 38k km — history is traceable on this XL6.
Comprehensive insurance — valid till March 2027.
Read full report",₹9.50 Lakh,"38,000 km","EMI from ₹23,580/mo",Petrol,Manual,1st Owner
Hyundai Aura SX Plus AMT Diesel,https://www.cardekho.com/used-car-details/used-Hyundai-aura-sx-plus-amt-diesel-cars-Kolkata_62b04f36-7273-4675-96c3-a5f9258f959a.htm,6.15L,2021,"51,460 kms",Diesel,Automatic,"Kasba, Kolkata","AI Expert
GREAT PRICE
1st owner, km flagged — clean records on this Aura.
Hyundai has a wide service network across India.
Read full report",₹6.15 Lakh,"51,460 km","EMI from ₹15,268/mo",Diesel,Automatic,1st Owner
Tata Safari Accomplished Plus,https://www.cardekho.com/used-car-details/used-Tata-safari-accomplished-plus-cars-Kolkata_3527661d-988a-4708-ab96-b6c3c83c0c2a.htm?adId=32985&adType=41,16L,2023,"86,000 kms",Diesel,Manual,"Khiddirpore, Kolkata","AI Expert
FAIR PRICE
1st owner, no odometer tampering, 86k km on this Safari.
Tata has a wide service network and reliable after-sales support.
Read full report",₹16 Lakh,"86,000 km","EMI from ₹39,713/mo",Diesel,Manual,1st Owner
Volkswagen Polo 1.2 MPI Highline,https://www.cardekho.com/used-car-details/used-Volkswagen-polo-12-mpi-highline-cars-Kolkata_fcf818a1-2188-4b3d-ac3b-4d63417060f7.htm,3.20L,2014,"60,000 kms",Petrol,Manual,"Baghbazar, Kolkata","AI Expert
FAIR PRICE
3rd owner, 60k km on this Polo — key checks pass.
Simple to run, easy to park.
Read full report",₹3.20 Lakh,"60,000 km",,Petrol,Manual,3rd Owner
Tata Nexon XZA Plus HS AMT,https://www.cardekho.com/used-car-details/used-Tata-nexon-xza-plus-hs-amt-cars-Kolkata_41cd753f-3fbe-42cf-94d0-f5ebf01bfcd4.htm,8.50L,2022,"10,000 kms",Petrol,Automatic,"Haltu, Kolkata","AI Expert
FAIR PRICE
1st owner, no tampering, 10k km — history is traceable on this Nexon.
Only 10k km — lower than 88% of similar Nexons on CarDekho.
Read full report",₹8.50 Lakh,"10,000 km
Below avg","EMI from ₹21,098/mo",Petrol,Automatic,1st Owner
Maruti Suzuki Ciaz 1.3 Alpha,https://www.cardekho.com/used-car-details/used-Maruti-ciaz-13-alpha-cars-Kolkata_b20fa1de-9ac5-4156-95d6-7024eefed975.htm,5.50L,2017,"1,20,000 kms",Diesel,Manual,"Salt Lake City, Kolkata","AI Expert
ABOVE MARKET
1st owner, 120k km — ownership looks clean on this Ciaz.
Maruti service is available in almost every city and town.
Read full report",₹5.50 Lakh,"1,20,000 km","EMI from ₹17,039/mo",Diesel,Manual,1st Owner
Mahindra Scorpio S10 8 Seater,https://www.cardekho.com/used-car-details/used-Mahindra-scorpio-s10-8-seater-cars-Kolkata_75a3ac82-58d1-4b69-af6f-628b058c7a54.htm?adId=32927&adType=41,8.25L,2016,"38,000 kms",Diesel,Manual,"Bhowanipore, Kolkata","AI Expert
BELOW MARKET
1st owner, 38k km on this Scorpio — papers look clean.
Mahindra SUVs are built for Indian roads — rugged and reliable.
Read full report",₹8.25 Lakh,"38,000 km","EMI from ₹35,831/mo",Diesel,Manual,1st Owner
Maruti Suzuki Brezza VXi BSVI,https://www.cardekho.com/used-car-details/used-Maruti-brezza-vxi-bsvi-cars-Kolkata_6e4022b5-c8fc-4d6f-934c-b335e5833e01.htm,6.50L,2022,"39,000 kms",Petrol,Manual,"Ballygunge, Kolkata","AI Expert
BELOW MARKET
1st owner, 39k km — documents are clean on this Brezza.
₹1.1L below what similar Brezzas sell for.
Read full report",₹6.50 Lakh,"39,000 km
Below avg","EMI from ₹16,134/mo",Petrol,Manual,1st Owner
Maruti Suzuki Swift ZXI,https://www.cardekho.com/used-car-details/used-Maruti-swift-zxi-cars-Kolkata_2ebb8a99-3e92-45ce-b2ba-9d02dcabc6ae.htm,2.60L,2012,"60,000 kms",Petrol,Manual,"Narendrapur, Kolkata","AI Expert
GREAT PRICE
2nd owner, 60k km — papers are clean on this Swift.
Simple to run, easy to park.
Read full report",₹2.60 Lakh,"60,000 km",,Petrol,Manual,2nd Owner
Honda Amaze V,https://www.cardekho.com/used-car-details/used-Honda-amaze-v-cars-Kolkata_bd0dc133-3eeb-4043-aa5a-5cc32b0d2fd8.htm,6.50L,2024,"20,924 kms",Petrol,Manual,"Beleghata, Kolkata","AI Expert
BELOW MARKET
1st owner, 21k km — key checks pass on this Amaze.
Comprehensive insurance — valid till May 2027.
Read full report",₹6.50 Lakh,"20,924 km
Below avg","EMI from ₹16,134/mo",Petrol,Manual,1st Owner
Hyundai i10 Magna 1.1L,https://www.cardekho.com/used-car-details/used-Hyundai-i10-magna-11l-cars-Kolkata_3a0aa2bf-79a4-4754-afbd-ed1b69073f2f.htm?adId=32163&adType=41,2.25L,2015,"15,000 kms",Petrol,Manual,"Baranagar, Kolkata","AI Expert
BELOW MARKET
1st owner, 15k km, no accident on this i10 — papers are clean.
Only 15k km — lower than 96% of similar i10s on CarDekho.
Read full report",₹2.25 Lakh,"15,000 km
Below avg","EMI from ₹18,230/mo",Petrol,Manual,1st Owner
Hyundai Xcent Petrol,https://www.cardekho.com/used-car-details/used-Hyundai-xcent-petrol-cars-Kolkata_7b220d77-77d4-4705-b444-d7dc183447d9.htm,3.24L,2017,"52,949 kms",Petrol,Manual,"Airport Po, Kolkata","AI Expert
GREAT PRICE
1st owner, no accident, 53k km — ownership is clean on this Xcent.
300-point inspection done. Warranty included.
Read full report",₹3.24 Lakh,"52,949 km","EMI from ₹10,025/mo",Petrol,Manual,1st Owner
Honda WR-V i-VTEC VX,https://www.cardekho.com/used-car-details/used-Honda-wr-v-i-vtec-vx-cars-Kolkata_c07cadc1-91dc-43c6-a116-656280466034.htm,4.50L,2018,"34,000 kms",Petrol,Manual,"Unnamed Road, Nehali, Kolkata","AI Expert
GREAT PRICE
1st owner, no tampering, 34k km — records look solid on this WR-V.
Simple to run, easy to park.
Read full report",₹4.50 Lakh,"34,000 km
Below avg","EMI from ₹11,170/mo",Petrol,Manual,1st Owner
Maruti Suzuki Wagon R VXI BS IV,https://www.cardekho.com/used-car-details/used-Maruti-wagon-r-vxi-bs-iv-cars-Kolkata_49db83b1-7347-49d9-9cb8-5d247115c9c6.htm,2.35L,2015,"27,000 kms",Petrol,Manual,"Garia Bt, Kolkata","AI Expert
BELOW MARKET
1st owner, 27k km — documents are clear on this Wagon R.
Maruti service is available in almost every city and town.
Read full report",₹2.35 Lakh,"27,000 km
Below avg","EMI from ₹19,040/mo",Petrol,Manual,1st Owner
Jeep Compass 2.0 Limited 4X4,https://www.cardekho.com/used-car-details/used-Jeep-compass-20-limited-4x4-cars-Kolkata_acc9a013-6787-4bd8-9c51-f96295f63d7c.htm?adId=31987&adType=41,7.40L,2018,"48,000 kms",Diesel,Manual,"Middleton Row, Kolkata","AI Expert
GREAT PRICE
2nd owner, 48k km on this Compass — key checks pass.
Simple to run, easy to park.
Read full report",₹7.40 Lakh,"48,000 km","EMI from ₹18,367/mo",Diesel,Manual,2nd Owner
MG Hector Sharp AT BSIV,https://www.cardekho.com/used-car-details/used-Mg-hector-sharp-at-bsiv-cars-Kolkata_84375744-11cb-49cb-9cb3-1428f6dfc56d.htm,10.50L,2021,"16,000 kms",Petrol,Automatic,"Ballygunge, Kolkata","AI Expert
BELOW MARKET
1st owner, 16k km, no accident — history looks solid on this Hector.
Only 16k km — lower than 92% of similar Hectors on CarDekho.
Read full report",₹10.50 Lakh,"16,000 km
Below avg","EMI from ₹26,062/mo",Petrol,Automatic,1st Owner
Maruti Suzuki Wagon R VXI BS IV,https://www.cardekho.com/used-car-details/used-Maruti-wagon-r-vxi-bs-iv-cars-Kolkata_79c0de19-9b44-4c39-9af4-801e0fae0317.htm,2.80L,2016,"30,000 kms",Petrol,Manual,"Haridevpur, Kolkata","AI Expert
GREAT PRICE
1st owner, 30k km — history looks clear on this Wagon R.
Maruti service is available in almost every city and town.
Read full report",₹2.80 Lakh,"30,000 km","EMI from ₹12,159/mo",Petrol,Manual,1st Owner
Honda Amaze VX O i VTEC,https://www.cardekho.com/used-car-details/used-Honda-amaze-vx-o-i-vtec-cars-Kolkata_16cb6a61-5725-487e-a89b-1d5778a57132.htm,2.35L,2015,"60,000 kms",Petrol,Manual,"Haridevpur, Kolkata","AI Expert
BELOW MARKET
3rd owner, 60k km — key checks pass on this Amaze.
Honda engines are known to last well over high km.
Read full report",₹2.35 Lakh,"60,000 km","EMI from ₹19,040/mo",Petrol,Manual,3rd Owner
Volkswagen Polo 1.2 MPI Highline,https://www.cardekho.com/used-car-details/used-Volkswagen-polo-12-mpi-highline-cars-Kolkata_2fe51fed-7730-4881-89fe-8eb0c5295be7.htm?adId=32801&adType=41,2.49L,2013,"44,000 kms",Petrol,Manual,"J.b.s, Kolkata","AI Expert
BELOW MARKET
2nd owner, 44k km — papers are clean on this Polo.
Price dropped ₹50k — now at ₹2.5L.
Read full report",₹2.49 Lakh,"44,000 km
Below avg",,Petrol,Manual,2nd Owner
Maruti Suzuki Celerio ZXI Optional,https://www.cardekho.com/used-car-details/used-Maruti-celerio-zxi-optional-cars-Kolkata_fb25f308-1f03-4ade-84ad-de431467ff0f.htm,4.25L,2021,"45,000 kms",Petrol,Manual,"Jadavpur University, Kolkata","AI Expert
GREAT PRICE
1st owner, 45k km — documents are clean on this Celerio.
Maruti service is easy to find.
Read full report",₹4.25 Lakh,"45,000 km","EMI from ₹10,549/mo",Petrol,Manual,1st Owner
Nissan Magnite XV,https://www.cardekho.com/used-car-details/used-Nissan-magnite-xv-cars-Kolkata_87b45bed-1179-4e07-a92e-b4215afa91a1.htm,4.61L,2022,"33,606 kms",Petrol,Manual,"E.K.T, Kolkata","AI Expert
GREAT PRICE
2nd owner, 34k km — papers are clean on this Magnite.
300-point inspection done. Warranty included.
Read full report",₹4.61 Lakh,"33,606 km
Below avg","EMI from ₹11,446/mo",Petrol,Manual,2nd Owner
Maruti Suzuki Ciaz VXi Plus,https://www.cardekho.com/used-car-details/used-Maruti-ciaz-vxi-plus-cars-Kolkata_88273ed4-db2f-40d2-9415-738d642f7583.htm,3.35L,2014,"59,000 kms",Petrol,Manual,"Garia Bt, Kolkata","AI Expert
GREAT PRICE
1st owner, 59k km — papers are clean on this Ciaz.
Maruti service is available in almost every city and town.
Read full report",₹3.35 Lakh,"59,000 km",,Petrol,Manual,1st Owner
